Profile,Easting,Northing,Latitude,Longitude,Horizon,Horiz_simp,Depth.range,Depth.upper,Depth.lower,Depth.mean,Gravel.pct,Sand.pct,Silt.pct,Clay.pct,Bulk.density,C.pct,N.pct,C.N.ratio,pH.H2O,pH.CaCl2,EC,CEC,ex-Al,ex-Ca,ex-K,ex-Mg,ex-Na,munsell_wet,munsell_dry
1,498504,6406727,116.984079,-32.4766694,Mid A1,A,0-15,0,15,7.5,11.1,88,8,4,1.5,2.093,0.1,20.9,5.65,4.9,53.8,3.496,0.014,2.617,0.105,0.647,0.118,NA,NA
1,498504,6406727,116.984079,-32.4766694,Mid B1,NA,15-35,15,35,25,12.3,82,12,6,1.6,0.412,0.021,19.3,6.18,4.85,21.5,1.333,0.031,0.847,0.08,0.391,0.049,NA,NA
1,498504,6406727,116.984079,-32.4766694,Mid B2,NA,35-50,35,50,42.5,13.4,78,7.3,14.8,1.9,0.185,0.013,14.6,5.92,4.88,39.1,1.017,0.088,0.413,0.027,0.393,0.059,NA,NA
1,498504,6406727,116.984079,-32.4766694,Mid B3,NA,50-80,50,80,65,8.2,54.7,22,23.2,1.6,0.177,0.009,19.7,6.47,5.38,48,3.188,0.029,0.506,0.008,1.441,0.185,NA,NA
2,498440,6406561,116.983398,-32.4781668,AD A1,A,0-15,0,15,7.5,14.9,84.3,14,1.7,1.7,1.231,0.062,19.8,6.26,5.06,74.2,3.977,0.025,1.635,0.128,1.554,0.648,NA,NA
2,498440,6406561,116.983398,-32.4781668,AD B1,NA,15-25,15,25,20,15.9,89.3,5.5,5.3,1.6,0.19,0.014,14,6.5,5.06,16,1.435,0.006,0.434,0.041,0.761,0.18,NA,NA
2,498440,6406561,116.983398,-32.4781668,AD B2,NA,25-45,25,45,35,17.1,87,5.5,7.5,1.7,0.077,0.01,7.8,7.52,5.44,21.1,0.993,0.04,0.162,0.023,0.605,0.225,NA,NA
2,498440,6406561,116.983398,-32.4781668,AD B3,NA,45-60,45,60,52.5,12.9,84.5,5.5,10,1.6,0.068,0.008,8.4,7.2,5.47,25.4,1.773,0.09,0.171,0.04,1.011,0.273,NA,NA
3,499026,6406415,116.989634,-32.4794845,DO A1,A,0-20,0,20,10,0.05,78.5,9.3,12.3,1.1,2.576,0.181,14.2,6.2,4.84,101.4,9.417,0.007,5.26,0.999,2.374,0.503,NA,NA
3,499026,6406415,116.989634,-32.4794845,DO B1,NA,20-30,20,30,25,0.05,73,7.3,19.8,1.4,1.074,0.078,13.8,6.14,5.14,31.2,11.09,0.005,7.543,0.099,2.856,0.358,NA,NA
3,499026,6406415,116.989634,-32.4794845,DO B2,NA,30-50,30,50,40,0.05,80,5.3,14.8,NA,0.646,0.043,15.1,6.7,5.39,25.1,10.13,0.003,6.707,0.091,2.483,0.263,NA,NA
4,498987,6406365,116.989219,-32.4799356,DV AP,A,0-23,0,23,11.5,0.05,84.3,8.5,7.3,1.5,6.765,0.255,26.5,5.6,4.71,251.8,7.146,0.02,3.421,0.108,2.98,1.035,NA,NA
4,498987,6406365,116.989219,-32.4799356,DV E,NA,23-50,23,50,36.5,0.05,82.8,9.8,7.5,1.7,0.105,0.01,10.1,6.5,5.2,61,1.595,0.011,0.307,0.006,0.975,0.348,NA,NA
4,498987,6406365,116.989219,-32.4799356,DV B1,NA,50-85,50,85,67.5,0.05,65,16,19,1.8,0.082,0.011,7.5,6.75,5.52,92.4,5.233,0.092,0.742,0.032,3.473,0.763,NA,NA
5,498600,6406830,116.985101,-32.4757403,SS A1,A,0-20,0,20,10,0.05,80,7.8,12.3,1.1,12.996,0.441,29.5,5.05,4.35,445,3.736,0.147,0.936,0.291,2.15,1.713,NA,NA
5,498600,6406830,116.985101,-32.4757403,SS B1,NA,20-50,20,50,35,0.05,65,19.3,15.8,1.2,1.772,0.065,27.4,4.72,4.51,950,1.938,0.089,0.024,0.187,1.711,1.359,NA,NA
5,498600,6406830,116.985101,-32.4757403,SS B2,NA,50-80,50,80,65,0.05,57.5,33.3,9.3,1.6,0.444,0.017,26.8,5.01,4.42,507,2.349,0.171,0.025,0.167,2.425,2.364,NA,NA
6,499879,6406404,116.998712,-32.4795842,Ap,A,2-Mar,2,3,2.5,3.6,75,12.5,12.5,1,5.426,0.283,19.2,5.3,4.5,78.4,4.58,0.05,2.89,0.15,0.96,0.58,NA,NA
6,499879,6406404,116.998712,-32.4795842,E,NA,Mar-15,3,15,9,6.7,72.5,15,12.5,1.2,4.312,0.169,25.5,5.73,4.4,43.5,3.73,0.03,1.8,0.32,0.61,0.22,NA,NA
6,499879,6406404,116.998712,-32.4795842,B,NA,15-,15,30,22.5,34.5,75,17.5,7.5,1.7,0.756,0.033,23.1,6.49,4.96,27.1,3.17,0.02,1.26,0.02,1.32,0.34,NA,NA
7,499705.1,6406558.1,116.996861,-32.478194,O,NA,0-5,0,5,2.5,2.4,87.5,10,2.5,1.4,6.435,0.14,46,5.85,4.19,20.7,2.39,0.1,0.95,0.18,0.53,0.43,NA,NA
7,499705.1,6406558.1,116.996861,-32.478194,A,A,5-Dec,5,12,8.5,4,92.5,7.5,0.1,1.5,3.412,0.079,42.9,5.87,4.37,24.4,2.06,0.07,0.79,0.18,0.55,0.36,NA,NA
7,499705.1,6406558.1,116.996861,-32.478194,B,NA,12-,12,24,18,18.4,97.5,0.1,2.5,NA,1.111,0.028,39.6,5.99,4.39,32.2,1.36,0.05,0.24,0.09,0.5,0.24,NA,NA
8,499313.6,6406613.5,116.992695,-32.4776941,A,A,0-15,0,15,7.5,24.6,90,5,5,1.3,3.955,0.127,31.2,5.5,4.23,17.7,1.47,0.17,0.28,0.13,0.32,0.16,NA,NA
8,499313.6,6406613.5,116.992695,-32.4776941,B1,NA,15-40,15,40,27.5,45.9,85,10,5,NA,0.752,0.033,22.9,5.9,4.22,11,0.98,0.24,0.06,0.04,0.14,0.07,NA,NA
8,499313.6,6406613.5,116.992695,-32.4776941,B2,NA,40-,40,80,60,1.1,92.5,2.5,5,NA,0.175,0.007,26.3,5.4,4.24,9.3,0.92,0.07,0.001,0.02,0.14,0.04,NA,NA
9,499579.8,6406484.1,116.995528,-32.4788615,A,A,0-20,0,20,10,37.5,72.5,10,17.5,1,18.111,0.49,36.9,5.85,4.4,31.1,6.53,0.24,2.41,0.45,2.07,0.77,NA,NA
9,499579.8,6406484.1,116.995528,-32.4788615,B,NA,20-,20,40,30,56.4,70,5,25,NA,4.793,0.152,31.5,5.82,4.73,154.6,5.47,0.08,0.6,0.18,3.24,1.57,NA,NA
10,500015,6405982,117.00016,-32.4833911,AP,A,0-10,0,10,5,17,83.1,7.3,9.6,1.4,2.416,0.118,20.4,5.13,4.71,157.7,4.84,0.02,3.88,0.2,0.64,0.29,NA,NA
10,500015,6405982,117.00016,-32.4833911,B,NA,Oct-20,10,20,15,42,80.1,9.5,10.5,1.7,0.589,0.04,14.6,5.83,4.92,63.7,3.64,0.01,2.41,0.09,0.43,0.15,NA,NA
10,500015,6405982,117.00016,-32.4833911,B2,NA,20-60,20,60,40,18,77.8,14.2,8,NA,0.456,0.036,12.5,6.12,4.95,59.1,4.36,0.04,2.75,0.04,0.98,0.18,NA,NA
11,499989,6406157,116.999883,-32.4818124,AP,A,0-15,0,15,7.5,13,86.6,5.1,8.3,1.6,1.436,0.093,15.5,5.27,4.09,30.9,4.18,0.04,2.44,0.21,0.74,0.37,NA,NA
11,499989,6406157,116.999883,-32.4818124,E,NA,15-30,15,30,22.5,16,87.1,8.5,4.3,1.7,0.15,0.011,13.7,5.37,4.45,92.3,1.26,0.02,0.4,0.03,0.2,0.08,NA,NA
11,499989,6406157,116.999883,-32.4818124,B1,NA,30-60,30,60,45,26,92.6,4,3.4,1.7,0.072,0.006,12,4.89,4.72,227.2,0.98,0.01,0.36,0.02,0.22,0.09,NA,NA
11,499989,6406157,116.999883,-32.4818124,B2,NA,60-100,60,100,80,11,90.5,3.3,6.3,1.8,NA,NA,NA,5.4,5.02,159.3,1.14,0.01,0.43,0.02,0.37,0.16,NA,NA
12,499969,6407026,116.99967,-32.4739731,AP,A,0-25,0,25,12.5,31,81.5,8.6,9.8,1.3,3.963,0.261,15.2,5.43,4.79,87.1,5.02,0.03,3.54,0.39,0.69,0.17,NA,NA
12,499969,6407026,116.99967,-32.4739731,E,NA,25-30,25,30,27.5,37,84.8,12.8,2.4,NA,2.072,0.086,24.1,5.42,4.37,38,3,0.05,1.9,0.19,0.36,0.07,NA,NA
12,499969,6407026,116.99967,-32.4739731,B1,NA,30-100,30,100,65,36,80.4,9.9,9.6,NA,1.231,0.044,28.3,6.07,5.25,23.4,3.77,0.02,2.43,0.04,0.62,0.07,NA,NA
13,499814,6406782,116.998021,-32.4761742,AP,A,0-10,0,10,5,5,68.9,17.5,13.7,1.1,4.585,0.263,17.4,6.45,5.68,121.8,6.25,0.04,4.15,0.47,1.1,0.33,NA,NA
13,499814,6406782,116.998021,-32.4761742,B1,NA,Oct-30,10,30,20,13,73,17,10,1.1,1.611,0.106,15.1,6,6.44,85.4,8.37,0.01,5.14,0.07,2.27,0.63,NA,NA
13,499814,6406782,116.998021,-32.4761742,B2,NA,30-60,30,60,45,10,66.2,13.3,20.5,1.4,0.687,0.034,20.2,6.1,5.65,97.5,7.15,0.01,3.35,0.02,2.73,0.86,NA,NA
13,499814,6406782,116.998021,-32.4761742,B3,NA,60-100,60,100,80,10,77,9,14,1.6,0.373,0.02,18.6,6.84,5.72,86.4,5.21,0.01,2.23,0.01,2,0.58,NA,NA
14,498263,6404666,116.98151,-32.4952615,AP,A,0-10,0,10,5,22.4,85,6.4,8.6,1.3,2.37,0.21,11.3,5.55,4.33,NA,5.128,0.019,3.915,0.589,0.602,0.101,NA,NA
14,498263,6404666,116.98151,-32.4952615,B,NA,Oct-35,10,35,22.5,53.3,85.6,8.7,5.7,1.4,0.44,0.05,8.8,6.56,4.62,NA,2.763,0.599,1.959,0.268,0.433,0.129,NA,NA
14,498263,6404666,116.98151,-32.4952615,C,NA,35-70,35,70,52.5,44.7,86.1,11.7,2.2,1.5,0.1,0.02,5,7.01,5.07,NA,1.712,0.015,0.991,0.098,0.519,0.559,NA,NA
15,498715,6404659,116.986322,-32.4953253,AP,A,0-15,0,15,7.5,35,78.6,12,9.7,1.1,0.33,0.04,8.3,6.17,5.97,NA,2.041,0.001,0.786,0.044,1.161,0.272,NA,NA
15,498715,6404659,116.986322,-32.4953253,E,NA,15-55,15,55,35,32,79.8,10,10.2,1.2,1.31,0.09,14.6,6.4,5.57,NA,3.538,0.146,1.493,0.014,1.94,0.125,NA,NA
15,498715,6404659,116.986322,-32.4953253,B,NA,55-60,55,60,57.5,8,73.3,3,23.7,1.1,0.36,0.04,9,6.51,5.74,NA,3.765,0.028,3.632,0.048,0.667,0.132,NA,NA
16,498400,6404356,116.982968,-32.4980583,AP,A,0-20,0,20,10,31,79.9,6.8,13.3,1.3,2.4,0.2,12,6.2,5.8,NA,13.552,0.015,4.281,0.241,8.044,1.451,NA,NA
16,498400,6404356,116.982968,-32.4980583,E,NA,20-35,20,35,27.5,55.8,78.8,18.1,3.1,2.3,0.34,0.04,8.5,6.35,5.8,NA,2.288,0.003,1.006,0.059,1.459,0.348,NA,NA
16,498400,6404356,116.982968,-32.4980583,B1,NA,35-54,35,54,44.5,59.9,79.4,14.1,6.5,2.2,0.16,0.02,8,6.7,5.8,NA,2.013,0.002,0.814,0.029,1.346,0.278,NA,NA
16,498400,6404356,116.982968,-32.4980583,B2,NA,54-95,54,95,74.5,15.1,23,15.9,61,2.3,0.18,0.03,6,6.3,5.9,NA,14.126,0.001,4.234,0.096,8.32,1.49,NA,NA
16,498400,6404356,116.982968,-32.4980583,B3,NA,95-105,95,105,100,49.6,45.8,11.7,42.5,2.5,0.11,0.02,5.5,6.3,6.05,NA,8.24,0.015,4.214,0.265,3.389,0.502,NA,NA
17,499131,6404068,116.990749,-32.5006572,AP,A,0-10,0,10,5,0.1,72.4,10.7,16.8,1.1,4.38,0.33,13.3,5.4,5.3,NA,7.559,0.073,4.038,0.063,2.207,1.433,NA,NA
17,499131,6404068,116.990749,-32.5006572,A,NA,Oct-26,10,26,18,0.2,79.4,9.3,11.3,1.4,0.42,0.02,21,6.48,5.7,NA,2.664,0.015,0.798,0.019,1.009,0.523,NA,NA
17,499131,6404068,116.990749,-32.5006572,E,NA,26-30,26,30,28,0.3,62.9,13,24.1,NA,0.24,0.03,8,6.2,5.8,NA,3.276,0.017,0.594,0.021,1.405,0.393,NA,NA
17,499131,6404068,116.990749,-32.5006572,B,NA,30-50,30,50,40,0.2,42.9,9.8,47.3,1.5,0.3,0.04,7.5,5.93,5.6,NA,9.498,0.012,2.309,0.065,5.813,1.412,NA,NA
18,498771,6403716,116.986917,-32.5038323,AP,A,0-14,0,14,7,6.4,61.9,17.3,20.8,1.3,1.32,0.11,12,6.81,5.02,NA,3.937,0.142,2.399,0.029,0.355,0.231,NA,NA
18,498771,6403716,116.986917,-32.5038323,A,NA,14-22,14,22,18,12.6,61.4,18.3,20.3,NA,0.23,0.03,7.7,6.15,4.39,NA,2.052,0.318,0.794,0.032,0.206,0.067,NA,NA
18,498771,6403716,116.986917,-32.5038323,E,NA,22-30,22,30,26,24.1,72.4,3.3,24.6,NA,0.08,0.02,4,6.05,4.33,NA,0.914,0.062,0.266,0.013,0.209,0.049,NA,NA
18,498771,6403716,116.986917,-32.5038323,B,NA,30-67,30,67,48.5,38.6,15.9,35.5,48.6,1.6,0.19,0.03,6.3,5.85,4.29,NA,9.896,0.144,2.254,0.057,5.278,1.839,NA,NA
18,498771,6403716,116.986917,-32.5038323,C,NA,67-74,67,74,70.5,67.6,57.4,11.3,31.3,NA,0.16,0.03,5.3,6.1,4.1,NA,14.353,0.184,2.402,0.05,8.117,3.553,NA,NA
19,499159,6403611,116.991047,-32.5047798,Ap,A,0-8,0,8,4,3,91,2.5,6.4,1.2,2.05,0.16,12.8,6,5.75,NA,7.488,0.043,5.712,0.5,0.707,0.248,NA,NA
19,499159,6403611,116.991047,-32.5047798,A,NA,Aug-25,8,25,16.5,5.1,84.9,8.3,6.7,1.2,0.65,0.04,16.3,6.3,5.2,NA,5.669,0.023,3.887,0.501,0.641,0.028,NA,NA
19,499159,6403611,116.991047,-32.5047798,B1,NA,25-55,25,55,40,4.7,53.2,8.6,38.2,1.6,0.28,0.03,9.3,7.3,5.2,NA,3.869,0.016,2.83,0.069,0.445,0.035,NA,NA
19,499159,6403611,116.991047,-32.5047798,B2,NA,55-72,55,72,63.5,4.3,84.4,1.3,14.3,1.4,0.24,0.03,8,7.1,5.53,NA,7.158,0.007,4.637,0.069,1.858,0.144,NA,NA
19,499159,6403611,116.991047,-32.5047798,B3,NA,72-80,72,80,76,0.1,66.2,1.9,31.8,1.6,2.78,0.21,13.2,6.03,5.88,NA,14.114,0.006,8.588,0.057,5.109,0.365,NA,NA
20,498296,6404061,116.98186,-32.5007194,Ap,A,0-10,0,10,5,35.7,87.4,7.8,4.7,1.5,2.78,0.21,13.2,5.8,5,63,8.247,0.013,5.837,0.422,0.653,0.076,NA,NA
20,498296,6404061,116.98186,-32.5007194,A,NA,Oct-27,10,27,18.5,52.3,91.4,4.1,4.5,1.7,3.97,0.11,36.1,6.5,5.09,509,7.722,0.013,6.295,0.447,0.703,0.091,NA,NA
20,498296,6404061,116.98186,-32.5007194,E,NA,27-60,27,60,43.5,44.9,94.8,2.3,2.8,1.7,0.83,0.04,20.8,6.65,5.44,115,7.103,0.006,5.375,0.252,0.779,0.156,NA,NA
21,499746,6406602,116.997297,-32.477798,A,A,Feb-14,2,14,8,11.7,89.3,7.2,3.5,1.4,1.94,0.05,38.8,5.58,4.68,46,4.072,0.064,2.545,0.237,1.245,0.222,NA,NA
21,499746,6406602,116.997297,-32.477798,B,NA,14-42,14,42,28,4.9,75,25,0.1,1.5,1.2,0.05,24,5,4.7,25.7,2.132,0.09,1.066,0.105,0.953,0.197,NA,NA
21,499746,6406602,116.997297,-32.477798,C,NA,42-80,42,80,61,77.7,98,0.1,2,1.9,6.69,0.2,33.5,5.42,4.38,46.6,1.298,0.062,0.663,0.12,0.888,0.237,NA,NA
22,499399,6406493,116.993604,-32.478781,A,A,0-6,0,6,3,18.2,65.7,17.3,17,0.8,7.42,0.24,30.9,3.78,3.83,4600,2.965,1.165,0.496,0.107,5.41,16.692,NA,NA
22,499399,6406493,116.993604,-32.478781,B1,NA,Dec-21,12,21,16.5,6.6,47.9,15,37.2,1,2.57,0.05,51.4,4.04,4,3440,2.89,2.146,0.071,0.038,3.085,14.856,NA,NA
22,499399,6406493,116.993604,-32.478781,B2,NA,28-40,28,40,34,4.1,40.6,12.4,47,1.3,0.63,0.02,31.5,4.01,3.8,2090,2.856,1.919,0.001,0.015,1.667,7.447,NA,NA
23,499753,6406606,116.997371,-32.4777619,A,A,0.2-20,0.2,20,10.1,8.2,39.4,15.9,44.7,1.3,3.41,0.1,34.1,4.21,3.91,1188,3.526,0.485,0.194,0.055,0.952,7.422,NA,NA
23,499753,6406606,116.997371,-32.4777619,B1,NA,20-40,20,40,30,60.5,45.8,34,20.1,1.7,0.53,0.02,26.5,5.16,4.2,1427,3.606,1.29,0.046,0.028,0.797,4.606,NA,NA
23,499753,6406606,116.997371,-32.4777619,B2,NA,40-80,40,80,60,27.8,64.4,17,18.5,1.8,0.61,0.02,30.5,3.92,3.65,1294,2.745,0.98,0.056,0.081,0.745,5.706,NA,NA
24,499710,6406793,116.996914,-32.476075,A,A,0-15,0,15,7.5,14.6,71.3,13,15.8,1.1,5.18,0.17,30.5,4.95,4.5,1090,3.912,0.06,0.479,0.128,3.4,9.968,NA,NA
24,499710,6406793,116.996914,-32.476075,B1,NA,15-21,15,21,18,37.8,51,22,27,1.1,2.8,0.11,25.5,5.15,4.82,1900,3.967,0.072,0.11,0.107,3.37,6.532,NA,NA
24,499710,6406793,116.996914,-32.476075,B2,NA,21-45,21,45,33,27.8,67.8,16.8,15.5,1.5,2.01,0.09,22.3,4.77,4.4,2596,4.076,0.089,0.001,0.067,3.649,6.459,NA,NA
24,499710,6406793,116.996914,-32.476075,C,NA,45-80,45,80,62.5,57.7,76,16,8,1.6,0.76,0.03,25.3,5.11,4.55,1705,5.364,0.13,0.001,0.123,3.931,7.554,NA,NA
25,499936,6406181,116.999319,-32.4815959,A,A,0-14,0,14,7,11.4,70.5,18.3,11.3,1.2,1.65,0.09,18.3,5.77,5.73,546,5.332,0.061,3.501,0.052,1.249,0.579,NA,NA
25,499936,6406181,116.999319,-32.4815959,B1,NA,14-24,14,24,19,23.4,93.2,8.5,1.7,1.2,0.21,0.02,10.5,6.04,5.69,461,2.28,0.097,1.15,0.013,0.882,0.333,NA,NA
25,499936,6406181,116.999319,-32.4815959,B2,NA,24-75,24,75,49.5,27.7,64.3,23.4,12.3,1.2,0.24,0.02,12,6.15,5.6,512,2.746,0.107,1.019,0.029,1.358,0.428,NA,NA
26,499949,6406143,116.999457,-32.4819387,A,A,0-16,0,16,8,14.9,92.2,13.8,6,1.2,1.03,0.06,17.2,5.44,5.06,755,3.464,0.116,2.34,0.079,0.949,0.176,NA,NA
26,499949,6406143,116.999457,-32.4819387,B1,NA,16-46,16,46,31,24.5,87.5,7.4,5.2,1.1,0.26,0.02,13,5.87,5.11,527,1.388,0.034,0.801,0.06,0.67,0.137,NA,NA
26,499949,6406143,116.999457,-32.4819387,B2,NA,46-75,46,75,60.5,31.8,0.05,0.05,0.05,1.3,0.23,0.04,5.8,6.57,5.19,413,13.938,0.017,3.82,0.116,8.74,1.941,NA,NA
27,498987,6406804,116.989219,-32.4759753,A,A,0-11,0,11,5.5,0.1,59.8,18.5,11.8,1.4,2.76,0.19,14.5,6.94,5.08,595,8.383,0.038,5.825,0.743,1.268,0.294,NA,NA
27,498987,6406804,116.989219,-32.4759753,B1,NA,Nov-31,11,31,21,0.05,109.8,2.5,12.3,1.6,0.73,0.06,12.2,6,5.02,84.9,6.783,0.026,4.387,0.268,0.97,0.093,NA,NA
27,498987,6406804,116.989219,-32.4759753,B2,NA,31-58,31,58,44.5,0.1,0.05,0.05,0.05,1.7,0.32,0.04,8,6.41,5.5,92.1,8.429,0.015,5.5,0.244,2.424,0.209,NA,NA
27,498987,6406804,116.989219,-32.4759753,B3,NA,58-100,58,100,79,0.1,83.3,1,15.8,1.4,0.35,0.03,11.7,6.69,5.79,170.9,10.071,0.032,6.048,0.271,3.039,0.305,NA,NA
28,496044,6404560,116.957889,-32.4962121,A,A,0-18,0,18,9,13.4,89.1,5.1,5.8,1.6,1.48,0.08,18.5,4.92,4.36,2280,1.496,0.178,1.304,0.013,0.291,0.401,NA,NA
28,496044,6404560,116.957889,-32.4962121,B,NA,18-47,18,47,32.5,6.6,91.7,2.5,5.9,1.9,0.24,0.01,24,5.2,4.99,2265,0.263,0.104,0.157,0.002,0.191,0.173,NA,NA
28,496044,6404560,116.957889,-32.4962121,C1,NA,47-85,47,85,66,72.7,90.1,5.2,4.7,1.9,0.07,0.02,3.5,4.93,4.53,2334,0.148,0.121,0.048,0.009,0.184,0.187,NA,NA
28,496044,6404560,116.957889,-32.4962121,C2,NA,85-100,85,100,92.5,10,64,8.5,27.5,2.2,0.09,0.01,9,5.07,4.61,2137,1.746,0.113,0.082,0.012,1.587,0.499,NA,NA
29,497240,6404609,116.970621,-32.4957737,A,A,0-15,0,15,7.5,53.2,86.6,7.1,6.3,1.6,2.45,0.14,17.5,5.34,4.96,2283,3.714,0.06,2.589,0.098,0.384,0.078,NA,NA
29,497240,6404609,116.970621,-32.4957737,B,NA,15-100,15,100,57.5,80.9,87.1,8.9,4,1.4,0.31,0.02,15.5,6.15,4.99,2262,2.059,0.047,1.29,0.054,0.206,0.045,NA,NA
30,496745,6404980,116.965353,-32.4924255,A,A,0-12,0,12,6,4.9,89.9,4.3,5.8,1.5,2.45,0.16,15.3,5.5,4.8,183,4.549,0.011,2.742,0.224,3.043,0.857,NA,NA
30,496745,6404980,116.965353,-32.4924255,B1,NA,Dec-50,12,50,31,5.9,87.6,8.8,3.6,1.6,0.11,0.02,5.5,6.2,4.5,24,0.251,0.001,0.151,0.056,0.701,0.444,NA,NA
30,496745,6404980,116.965353,-32.4924255,B2,NA,50-65,50,65,57.5,7.5,73.2,21.2,5.6,1.6,0.06,0.01,6,6.5,4.7,48.9,0.808,0.003,0.168,0.017,1.161,0.45,NA,NA
30,496745,6404980,116.965353,-32.4924255,B3,NA,65-100,65,100,82.5,12.2,61.2,22.1,16.7,NA,0.03,0.01,3,6.8,5,894,3.192,0.001,0.34,0.051,3.075,1.098,NA,NA
31,497397,6405407,116.972294,-32.4885752,A,A,0-15,0,15,7.5,10.8,76.5,6.9,16.6,1.5,2.16,0.16,13.5,5.2,4.85,260.6,3.955,0.039,2.983,0.406,0.747,0.364,NA,NA
31,497397,6405407,116.972294,-32.4885752,B1,NA,15-52,15,52,33.5,10.4,75.9,7.3,16.8,1.6,0.9,0.02,45,4.68,4.36,168.2,1.378,0.085,1.079,0.042,0.442,0.093,NA,NA
31,497397,6405407,116.972294,-32.4885752,B2,NA,52-95,52,95,73.5,1.4,35.8,14.6,49.6,1.7,0.55,0.02,27.5,4.63,4.18,401,4.938,0.545,0.955,0.03,2.736,0.334,NA,NA
32,497226,6405223,116.970473,-32.4902347,AP,A,0-32,0,32,16,9.1,67.9,10.4,21.7,1.1,6.61,0.58,11.4,5.95,5.47,1280,3.046,0.015,1.608,0.394,0.296,0.044,NA,NA
32,497227,6405224,116.970484,-32.4902257,E,NA,32-50,32,50,41,27.9,88.5,2.4,9.1,1.7,0.37,0.02,18.5,6.9,5.69,112,4.643,0.034,2.611,0.411,0.896,0.124,NA,NA
32,497228,6405225,116.970495,-32.4902166,B,NA,52-120,52,120,86,42.3,33,5.1,61.3,1.7,0.14,0.05,2.8,6.9,5.96,300,5.958,0.049,3.587,0.077,1.308,0.277,NA,NA
33,497216,6404807,116.970366,-32.4939874,A,A,0-57,0,57,28.5,15.9,60,16.3,23.7,1.5,3.54,0.32,11.1,5.42,4.91,606,8.833,0.235,2.837,0.355,6.523,7.318,NA,NA
33,497217,6404808,116.970376,-32.4939784,B,NA,57-80,57,80,68.5,27.6,70.5,7.9,21.6,2,0.16,0.02,8,5.6,5.08,66,3.269,0.492,0.202,0.262,1.821,4.522,NA,NA
34,497344,6404633,116.971728,-32.4955574,A,A,Feb-15,2,15,8.5,30.9,88.3,7.5,4.3,1.2,0.83,0.05,16.6,5.7,4.44,30.8,0.001,0.001,0.001,0.001,0.001,0.001,NA,NA
34,497345,6404634,116.971738,-32.4955484,B1,NA,15-25,15,25,20,17.8,86.8,5.6,7.7,1.4,0.22,0.03,7.3,6.1,4.9,21.6,0.001,0.001,0.001,0.001,0.001,0.001,NA,NA
34,497346,6404635,116.971749,-32.4955394,B2,NA,25-45,25,45,35,2.4,68.2,8.6,23.3,NA,0.23,0.03,7.7,6.35,5.1,20.9,0.001,0.001,0.001,0.001,0.001,0.001,NA,NA
34,497347,6404636,116.97176,-32.4955304,C,NA,45-100,45,100,72.5,3.3,79.6,8.4,12,NA,0.15,0.05,3,6.85,5.46,18.5,0.001,0.001,0.001,0.001,0.001,0.001,NA,NA
35,497366,6404510,116.971962,-32.4966671,A,A,0-15,0,15,7.5,18.9,88.8,5.6,5.7,1.4,2.87,0.16,17.9,5.9,5,62.9,3.159,0.026,3.065,0.106,0.422,0.032,NA,NA
35,497367,6404511,116.971972,-32.496658,B1,NA,15-35,15,35,25,32.1,90.9,5.4,3.7,1.5,0.33,0.04,8.3,6.3,5.11,13.6,1.54,0.025,1.647,0.02,0.315,0.024,NA,NA
35,497368,6404512,116.971983,-32.496649,B2,NA,35-75,35,75,55,18.1,88.9,8,3.1,1.5,0.08,0.02,4,6.08,4.99,10.4,0.67,0.021,0.687,0.001,0.171,0.019,NA,NA
35,497369,6404513,116.971994,-32.49664,C,NA,75-95,75,95,85,37.3,90.8,8.2,1.1,NA,0.07,0.01,7,6.38,5.15,15.3,1.242,0.019,0.599,0.035,0.799,0.035,NA,NA
36,497376,6404935,116.972069,-32.4928331,A,A,0-18,0,18,9,16.9,88.4,6.4,5.3,1.3,1.96,0.1,19.6,5.64,4.66,24.5,0.426,0.09,0.435,0.113,0.117,0.041,NA,NA
36,497377,6404936,116.97208,-32.4928241,B,NA,18-45,18,45,31.5,28.8,87.9,5.5,6.6,NA,0.27,0.04,6.8,6,4.58,12.3,0.927,0.164,0.345,0.205,0.325,0.091,NA,NA
37,498834,6405514,116.987589,-32.4876124,A,A,0-13,0,13,6.5,32.1,0.05,0.05,11.5,1.3,3.538,0.275,12.9,6.45,5.45,1367,1.496,0.178,1.304,0.013,0.291,0.401,NA,NA
37,498834,6405514,116.987589,-32.4876124,B1,NA,13-38,13,38,25.5,43.9,76.1,6.5,17.4,1.4,0.713,0.052,13.7,6.68,5.2,1267,0.263,0.104,0.157,0.002,0.191,0.173,NA,NA
37,498834,6405514,116.987589,-32.4876124,B2,NA,38-50,38,50,44,42.4,91.6,4.1,4.3,1.5,0.224,0.024,9.2,5.95,5.21,569,0.148,0.121,0.048,0.009,0.184,0.187,NA,NA
37,498834,6405514,116.987589,-32.4876124,C,NA,50-70,50,70,60,54.1,89.9,6.8,3.3,1.6,0.224,0.033,6.9,6.3,5.13,700,1.746,0.113,0.082,0.012,1.587,0.499,NA,NA
38,498720,6405407,116.986376,-32.4885775,A,A,0-20,0,20,10,6.5,96.7,1.3,2,1.1,1.694,0.12,14.1,6.3,5,297,3.691,0.003,3.418,0.141,0.667,0.063,NA,NA
38,498720,6405407,116.986376,-32.4885775,E,NA,20-33,20,33,26.5,6.6,0.05,0.05,2.5,1.6,0.265,0.02,13.3,6.53,4.92,436,2.057,0.01,1.734,0.159,0.483,0.031,NA,NA
38,498720,6405407,116.986376,-32.4885775,B1,NA,33-62,33,62,47.5,8,0.05,9.8,0.05,1.7,0.07,0.01,7,5.81,4.88,751,4.549,0.011,2.742,0.224,3.043,0.857,NA,NA
38,498720,6405407,116.986376,-32.4885775,B2,NA,62-100,62,100,81,16.5,93.6,4.1,2.3,1.7,0.04,0.01,4,5.95,5.21,569,0.251,0.001,0.151,0.056,0.701,0.444,NA,NA
39,498095,6405134,116.979723,-32.4910394,A,A,0-12,0,12,6,17,67.1,25.1,7.8,1.3,3.11,0.29,10.7,6.06,5.06,99.5,11.016,0.016,6.263,1.968,1.556,0.14,NA,NA
39,498095,6405134,116.979723,-32.4910394,B1,NA,Dec-52,12,52,32,29.9,49.4,10.5,40.1,1.5,1.12,0.11,10.2,6.96,5.99,54,12.838,0.012,7.671,1.012,2.69,0.166,NA,NA
40,498149,6404827,116.980297,-32.493809,A,A,0-15,0,15,7.5,14,82.9,6.1,11,1.4,2.66,0.25,10.6,5.9,5.15,191.1,7.18,0.024,4.953,1.042,0.865,0.088,NA,NA
40,498149,6404827,116.980297,-32.493809,B1,NA,15-40,15,40,27.5,22.4,87.7,9.5,2.8,1.5,0.51,0.04,12.8,6.67,5.27,27.1,3.046,0.015,1.608,0.394,0.296,0.044,NA,NA
40,498149,6404827,116.980297,-32.493809,B2,NA,40-60,40,60,50,8.5,55.8,10.9,33.3,1.7,0.39,0.04,9.8,6.87,5.89,35.8,4.643,0.034,2.611,0.411,0.896,0.124,NA,NA
41,498226,6405423,116.981118,-32.4884325,A,A,0-50,0,50,25,25.4,78.3,10.3,11.4,0.6,0.46,0.02,23,5.83,4.87,39.3,11.016,0.016,6.263,1.968,1.556,0.14,NA,NA
42,498278,6405414,116.981671,-32.4885138,A,A,0-16,0,16,8,19.7,61.4,27.1,11.6,0.5,2.1,0.62,3.4,4.52,4.26,2087,3.269,0.492,0.202,0.262,1.821,4.522,NA,NA
42,498278,6405414,116.981671,-32.4885138,B1,NA,16-30,16,30,23,9.2,50.4,21.7,27.9,1.3,1.79,0.06,29.8,4.28,3.96,1221,2.621,0.769,0.017,0.164,1.797,3.892,NA,NA
42,498278,6405414,116.981671,-32.4885138,B2,NA,30-80,30,80,55,10.6,54.7,16.5,28.8,1.3,0.48,0.02,24,3.96,3.65,991,2.323,0.486,0.029,0.239,1.471,4.099,NA,NA
42,498349,6405394,116.982427,-32.4886943,C,NA,80-,80,120,100,5.1,64.5,9.2,26.3,1.3,0.46,0.02,23,3.95,3.66,1052,1.296,0.258,0.491,0.082,1.464,2.127,NA,NA
43,498349,6405394,116.982427,-32.4886943,A,A,0-20,0,20,10,17.3,77.1,11.9,11,1,2.8,0.2,14,4.25,4.23,805,2.387,0.135,0.005,0.069,4.947,4.465,NA,NA
43,498349,6405394,116.982427,-32.4886943,B1,NA,20-40,20,40,30,23.4,72.9,17.1,10,1.4,2.18,0.09,24.2,4.93,4.71,1696,3.307,0.032,0.018,0.052,4.348,3.288,NA,NA
43,498349,6405394,116.982427,-32.4886943,B2,NA,40-60,40,60,50,12.5,58.9,18.2,22.9,1.6,0.4,0.02,20,5.25,4.98,1334,13.897,0.036,4.65,0.342,9.769,7.283,NA,NA
44,499277,6404883,116.992304,-32.4933051,A,A,0-6,0,6,3,45.6,69.5,17.9,12.6,NA,3.1,0.11,28.2,5.89,4.9,85.9,13.797,0.036,4.55,0.416,9.769,7.183,NA,NA
44,499277,6404883,116.992304,-32.4933051,B,NA,Jun-13,6,13,9.5,6.1,60,25.5,14.5,1.4,2.85,0.1,28.5,6.17,5.01,265,7.766,0.005,2.126,0.153,3.116,2.793,NA,NA
44,499277,6404883,116.992304,-32.4933051,A1,A,13-30,13,30,21.5,8.1,83.1,9.6,7.3,1.3,0.61,0.06,10.2,6.44,5.21,185.1,4.201,0.001,0.981,0.082,1.812,1.216,NA,NA
44,499277,6404883,116.992304,-32.4933051,B1,NA,30-50,30,50,40,9.9,88.4,5.8,5.8,1.7,0.28,0.02,14,6.11,5.06,147.4,2.32,0.001,0.44,0.051,1.052,0.717,NA,NA
44,499277,6404883,116.992304,-32.4933051,B2,NA,50-,50,100,75,3.3,38.9,9.3,51.8,2,0.14,0.02,7,5.94,5.02,506,11.761,0.001,1.279,0.056,6.622,4.887,NA,NA
45,498997,6404745,116.989324,-32.4945498,A,A,0-15,0,15,7.5,10.3,88.5,6.1,5.4,1.3,1.45,0.11,13.2,5.62,4.71,87.3,3.714,0.06,2.589,0.098,0.384,0.078,NA,NA
45,498997,6404745,116.989324,-32.4945498,B1,NA,15-30,15,30,22.5,12.7,90.3,5.4,4.3,1.7,0.4,0.03,13.3,6.9,4.87,23.1,2.059,0.047,1.29,0.054,0.206,0.045,NA,NA
45,498997,6404745,116.989324,-32.4945498,B2,NA,30-54,30,54,42,16.5,89.5,6.4,4.1,1.6,0.16,0.02,8,6.59,4.98,42.8,2.051,0.013,1.141,0.018,0.251,0.072,NA,NA
45,498997,6404745,116.989324,-32.4945498,B3,NA,54-70,54,70,62,23.6,53.6,5.7,40.7,NA,0.15,0.02,7.5,5.68,4.55,129.7,0.001,0.001,0.001,0.001,0.001,0.001,NA,NA
46,498808,6404333,116.987311,-32.498266,A,A,Feb-30,2,30,16,14.9,88.3,6.1,5.6,1.5,1.53,0.13,11.8,5.65,5.6,187.1,0.001,0.001,0.001,0.001,0.001,0.001,NA,NA
46,498808,6404333,116.987311,-32.498266,B,NA,30-50,30,50,40,15.7,86.3,7.7,6,1.4,0.93,0.05,18.6,6.15,5.5,50.4,0.001,0.001,0.001,0.001,0.001,0.001,NA,NA
46,498808,6404333,116.987311,-32.498266,C,NA,50-60,50,60,55,7.2,85.5,5.3,9.3,1.9,0.25,0.02,12.5,6.2,4.82,52.9,0.001,0.001,0.001,0.001,0.001,0.001,NA,NA
47,499548,6404154,116.995188,-32.4998816,A,A,0-5,0,5,2.5,9.3,75.8,9.9,14.2,NA,2.63,0.23,11.4,6.01,5.34,188.4,1.496,0.178,1.304,0.013,0.291,0.401,NA,NA
47,499548,6404154,116.995188,-32.4998816,A/B,NA,6-Nov,6,11,8.5,14.1,77.8,9.4,12.8,1.4,1.17,0.11,10.6,5.39,4.91,278,0.263,0.104,0.157,0.002,0.191,0.173,NA,NA
47,499548,6404154,116.995188,-32.4998816,B1,NA,Dec-46,12,46,29,14.2,79.4,5.4,15.2,1.6,0.56,0.06,9.3,5.41,5.23,165.2,0.148,0.121,0.048,0.009,0.184,0.187,NA,NA
47,499548,6404154,116.995188,-32.4998816,B2,NA,47-65,47,65,56,20.8,67.6,5.5,26.9,1.7,0.14,0.02,7,6.88,5.64,72.9,1.746,0.113,0.082,0.012,1.587,0.499,NA,NA
48,499521,6404045,116.994901,-32.5008649,A,A,0-5,0,5,2.5,5.3,87.8,7.1,5.1,NA,2.2,0.21,10.5,6.7,5.66,375,3.691,0.003,3.418,0.141,0.667,0.063,NA,NA
48,499521,6404045,116.994901,-32.5008649,A/B,NA,6-Nov,6,11,8.5,14.6,90.5,6.1,3.5,1.5,0.48,0.03,16,6.1,5.04,50.9,2.057,0.01,1.734,0.159,0.483,0.031,NA,NA
48,499521,6404045,116.994901,-32.5008649,E,NA,18-31,18,31,24.5,46.8,83.8,9,7.2,1.6,0.25,0.03,8.3,6.1,5.11,37.3,4.549,0.011,2.742,0.224,3.043,0.857,NA,NA
48,499521,6404045,116.994901,-32.5008649,B1,NA,32-50,32,50,41,34.2,86.9,7.5,5.6,1.7,0.17,0.02,8.5,5.71,4.5,29.8,0.251,0.001,0.151,0.056,0.701,0.444,NA,NA
48,499521,6404045,116.994901,-32.5008649,B2,NA,51-80,51,80,65.5,34.4,75.4,9.3,15.3,1.8,0.16,0.02,8,5.69,4.77,45.8,0.808,0.003,0.168,0.017,1.161,0.45,NA,NA
49,497927,6406410,116.977938,-32.4795281,A,A,0-15,0,15,7.5,11.2,93.2,4.8,2.1,1.3,1.93,0.21,9.2,5.7,4.6,92,3.192,0.001,0.34,0.051,3.075,1.098,NA,NA
49,497927,6406410,116.977938,-32.4795281,A/B,NA,15-35,15,35,25,14.6,92.2,4.3,3.5,1.5,0.51,0.05,10.2,5.67,4.69,59.5,3.955,0.039,2.983,0.406,0.747,0.364,NA,NA
49,497927,6406410,116.977938,-32.4795281,B,NA,35-72,35,72,53.5,15.5,89,5,6,1.7,0.21,0.01,21,6.05,5,46,1.378,0.085,1.079,0.042,0.442,0.093,NA,NA
49,497927,6406410,116.977938,-32.4795281,C,NA,72-100,72,100,86,34.7,86.5,5.5,8,1.6,0.16,0.01,16,6.12,5.25,40.5,4.938,0.545,0.955,0.03,2.736,0.334,NA,NA
50,497283,6403755,116.971076,-32.5034778,A,A,0-24,0,24,12,10.7,85,5.2,9.8,1.4,1.21,0.08,15.1,4.97,4.11,84.3,11.988,0.019,4.642,0.134,7.381,4.879,NA,NA
50,497283,6403755,116.971076,-32.5034778,B,NA,24-45,24,45,34.5,10.6,81.6,8.5,9.9,1.5,0.28,0.03,9.3,5.17,4.18,82.5,1.123,0.002,0.4,0.031,0.924,0.359,NA,NA
50,497283,6403755,116.971076,-32.5034778,B2,NA,45-80,45,80,62.5,27,57.8,4.8,37.4,1.6,0.25,0.04,6.3,4.72,4.06,384,11.378,0.001,2.536,0.139,7.148,1.916,NA,NA
51,497514,6403540,116.973534,-32.5054179,AP (ploughing),A,0-15,0,15,7.5,11,89.2,3.5,7.3,1.5,1.4,0.09,15.6,5.39,4.2,153,11.771,0.001,7.36,1.594,2.532,0.848,NA,NA
51,497514,6403540,116.973534,-32.5054179,A,NA,15-23,15,23,19,10.3,86.9,6,7.1,1.5,0.51,0.04,12.8,5.41,4.44,45,8.488,0.006,3.624,0.011,4.39,0.229,NA,NA
51,497514,6403540,116.973534,-32.5054179,A/B,NA,23-37,23,37,30,12.7,88.7,4.5,6.8,1.5,0.2,0.03,6.7,5.39,4.35,46.7,1.843,0.06,1.432,0.118,0.376,0.068,NA,NA
51,497514,6403540,116.973534,-32.5054179,B,NA,37-76,37,76,56.5,11.9,85.2,5.2,9.6,1.6,0.14,0.02,7,5.49,4.44,57.4,2.305,0.03,1.682,0.115,0.57,0.089,NA,NA
51,497514,6403540,116.973534,-32.5054179,B2,NA,76-100,76,100,88,14.8,65.6,7.8,26.6,1.6,0.17,0.02,8.5,5.79,4.69,73.1,3.571,0.037,2.437,0.103,1.049,0.117,NA,NA
52,498807,6403228,116.987299,-32.5082346,A,A,0-25,0,25,12.5,4.4,88.4,4.9,6.7,1.5,1.63,0.14,11.6,NA,NA,NA,3.605,0.051,2.153,0.081,1.199,0.152,NA,NA
52,498807,6403228,116.987299,-32.5082346,E,NA,26-68,26,68,47,5.6,91.7,4.2,4.3,1.6,0.14,0.02,7,NA,NA,NA,3.159,0.026,3.065,0.106,0.422,0.032,NA,NA
52,498807,6403228,116.987299,-32.5082346,E/B,NA,69-74,69,74,71.5,60.2,72,4.3,23.8,1.6,0.14,0.03,4.7,NA,NA,NA,1.54,0.025,1.647,0.02,0.315,0.024,NA,NA
53,498186,6404070,116.980689,-32.500638,A,A,0-15,0,15,7.5,9.1,87.4,6.5,6.1,1.4,1.35,0.1,13.5,NA,NA,NA,0.67,0.021,0.687,0.001,0.171,0.019,NA,NA
53,498186,6404070,116.980689,-32.500638,E,NA,16-19,16,19,17.5,15.4,92,3.6,4.3,1.8,0.26,0.02,13,NA,NA,NA,1.242,0.019,0.599,0.035,0.799,0.035,NA,NA
53,498186,6404070,116.980689,-32.500638,B,NA,20-32,20,32,26,38.6,87,9,4,1.7,0.14,0.02,7,NA,NA,NA,0.426,0.09,0.435,0.113,0.117,0.041,NA,NA
53,498186,6404070,116.980689,-32.500638,C,NA,33-54,33,54,43.5,46.3,84,9.6,6.4,1.8,0.16,0.02,8,NA,NA,NA,0.927,0.164,0.345,0.205,0.325,0.091,NA,NA
54,496001,6403978,116.957429,-32.5014622,A,A,0-10,0,10,5,7.7,93,4.7,2.2,1.5,2.01,0.16,12.6,5.45,4.54,763,4.442,0.119,2.824,0.027,0.759,0.228,NA,NA
54,496001,6403978,116.957429,-32.5014622,A2,NA,Oct-20,10,20,15,11.6,88.7,3.8,7.5,1.6,0.44,0.04,11,6.04,4.63,692,2.962,0.069,1.855,0.023,0.582,0.126,NA,NA
54,496001,6403978,116.957429,-32.5014622,B1,NA,20-50,20,50,35,14,90.8,4.3,4.8,1.7,0.09,0.04,2.3,6.8,5.03,747,1.418,0.023,0.594,0.005,0.404,0.139,NA,NA
54,496001,6403978,116.957429,-32.5014622,B2,NA,50-80,50,80,65,13.9,37.5,5.3,57.2,1.9,0.21,0.02,10.5,7.67,5.6,108.3,13.987,0.007,1.811,0.019,8.964,2.71,NA,NA
55,497352,6403626,116.97181,-32.5046417,A,A,0-15,0,15,7.5,9.9,86,6.6,7.4,1.6,1.56,0.12,13,5.3,4.91,154,4.033,0.07,3.377,0.06,0.608,0.089,NA,NA
55,497352,6403626,116.97181,-32.5046417,A2,NA,15-30,15,30,22.5,22.8,86.5,7.7,5.7,1.7,0.34,0.04,8.5,5.37,4.34,23.2,1.72,0.191,1.167,0.014,0.328,0.062,NA,NA
55,497352,6403626,116.97181,-32.5046417,B1,NA,30-65,30,65,47.5,30.5,51.5,11.3,37.2,1.5,0.46,0.05,9.2,5.81,5.02,70.2,7.624,0.037,3.512,0.02,3.128,0.287,NA,NA
56,495711,6403941,116.954342,-32.5017949,A,A,0-14,0,14,7,1.9,82.6,8.7,8.7,1.3,3.17,0.29,10.9,6.52,5.24,223.3,13.159,0.037,2.547,0.279,8.433,8.91,NA,NA
56,495711,6403941,116.954342,-32.5017949,A2,NA,14-20,14,20,17,8.1,81.8,5.7,12.5,1.4,0.98,0.06,16.3,7.19,5.63,139.1,2.756,0.097,0.581,0.063,1.52,1.603,NA,NA
56,495711,6403941,116.954342,-32.5017949,B1,NA,20-42,20,42,31,6.5,97.8,0.2,2,1.4,0.11,0.01,11,7.16,5.8,44.3,5.427,0.003,0.754,0.093,3.044,3.367,NA,NA
56,495711,6403941,116.954342,-32.5017949,B2,NA,42-60,42,60,51,5.9,86.9,5,8.1,1.7,1.92,0.04,48,7.78,6.4,288,4.382,0.023,0.624,0.055,2.482,2.806,NA,NA
57,495765,6404195,116.954918,-32.4995038,A,A,0-15,0,15,7.5,19.6,72.4,11.9,15.7,1.4,2.91,0.23,12.7,6.62,6.19,1577,13.159,0.037,2.547,0.279,8.433,8.91,NA,NA
57,495765,6404195,116.954918,-32.4995038,A2,NA,15-30,15,30,22.5,30.4,80.2,11.1,8.7,1.6,0.44,0.03,14.7,7.13,7.17,513,2.756,0.097,0.581,0.063,1.52,1.603,NA,NA
57,495765,6404195,116.954918,-32.4995038,B1,NA,30-40,30,40,35,12.9,67,4.3,28.7,1.6,0.17,0.02,8.5,7.34,6.67,650,5.427,0.003,0.754,0.093,3.044,3.367,NA,NA
57,495765,6404195,116.954918,-32.4995038,B2,NA,40-60,40,60,50,29,74.9,4.5,20.6,1.7,0.1,0.01,10,672,6.5,7.3,4.382,0.023,0.624,0.055,2.482,2.806,NA,NA
58,496884,6403490,116.966827,-32.5058673,A,A,0-10,0,10,5,8.4,94,0.5,5.5,1.6,2.2,0.15,14.7,5.83,5.2,225.9,4.522,0.027,3.778,0.049,0.684,0.156,NA,NA
58,496884,6403490,116.966827,-32.5058673,B1,NA,Oct-40,10,40,25,12.4,88.6,9.6,2.2,1.8,0.7,0.04,17.5,5.61,4.59,72.3,2.274,0.131,0.979,0.02,0.492,0.139,NA,NA
58,496884,6403490,116.966827,-32.5058673,B2,NA,40-70,40,70,55,4.9,27.5,6.8,65.7,1.6,0.2,0.04,5,5.23,4.28,61.4,7.042,0.352,0.882,0.088,3.863,0.786,NA,NA
59,497268,6404131,116.970917,-32.5000858,A,A,0-5,0,5,2.5,8.8,89.9,3.8,6.3,1.5,1.88,0.14,13.4,6.76,5.9,108.5,4.518,0.001,3.523,0.143,0.571,0.085,NA,NA
59,497268,6404131,116.970917,-32.5000858,A2,NA,May-20,5,20,12.5,4.3,89.4,4.3,6.2,1.6,1.36,0.09,15.1,5,4.27,66.5,1.867,0.181,1.267,0.024,0.163,0.066,NA,NA
59,497268,6404131,116.970917,-32.5000858,B1,NA,20-50,20,50,35,10.9,87.8,5.2,7,1.7,0.18,0.02,9,5.02,4.11,17.8,1.122,0.278,0.27,0.011,0.091,0.022,NA,NA
59,497268,6404131,116.970917,-32.5000858,B2,NA,50-80,50,80,65,13.2,65.3,8,26.7,1.8,0.16,0.02,8,5.2,4.27,38.1,3.234,0.34,0.641,0.007,1.305,0.139,NA,NA
60,496653,6404196,116.964371,-32.4994978,A,A,0-17,0,17,8.5,11.6,91.2,5,3.8,1.5,1.6,0.11,14.5,5.43,4.61,107.8,2.802,0.068,2.133,0.067,0.329,0.051,NA,NA
60,496653,6404196,116.964371,-32.4994978,A2,NA,17-37,17,37,27,15.7,92,4.5,3.5,1.7,0.26,0.02,13,5.66,4.37,16.8,1.491,0.155,0.627,0.057,0.145,0.017,NA,NA
60,496653,6404196,116.964371,-32.4994978,B1,NA,37-53,37,53,45,51.3,93,4.2,2.2,1.7,0.12,0.01,12,5.88,4.69,10.9,0.992,0.049,0.49,0.032,0.146,0.018,NA,NA
60,496653,6404196,116.964371,-32.4994978,B2,NA,53-72,53,72,62.5,8.8,0.05,0.05,0.05,1.8,0.08,0.01,8,5.46,4.92,21.9,2.682,0.069,0.828,0.022,1.193,0.103,NA,NA
60,496653,6404196,116.964371,-32.4994978,B3,NA,72-95,72,95,83.5,15.4,0.05,0.05,0.05,1.7,0.09,0.01,9,6.45,5.11,22.4,6.204,0.027,1.73,0.033,3.595,0.225,NA,NA
61,496840,6404334,116.966362,-32.4982534,A,A,0-20,0,20,10,7.8,75.2,11.4,13.4,1.2,4.21,0.27,15.6,5.24,4.8,144.7,7.434,0.029,4.999,0.127,1.408,0.212,NA,NA
61,496840,6404334,116.966362,-32.4982534,B1,NA,20-35,20,35,27.5,16.3,90.1,5.2,4.7,1.6,0.43,0.09,3.6,6.14,4.75,179.9,3.318,0.058,1.634,0.055,1.003,0.326,NA,NA
61,496840,6404334,116.966362,-32.4982534,B2,NA,35-65,35,65,50,10.6,91.2,6.4,2.4,1.7,0.13,0.03,13.1,6.16,4.95,85.6,1.485,0.025,0.485,0.007,0.586,0.265,NA,NA
61,496840,6404334,116.966362,-32.4982534,B3,NA,65-80,65,80,72.5,9.6,83.8,8.5,7.7,1.7,0.13,0.02,12.9,6.42,4.9,90.8,2.077,0.064,0.502,0.02,1.072,0.358,NA,NA
62,495983,6404204,NA,NA,A1,A,0-18,0,18,9,7.4,83.4,10.3,6.3,1.1,1.17,0.093,12.6,5.6,4.54,92.3,4.2,0.001,2.7,0.6,0.5,0.1,NA,NA
62,495983,6404204,NA,NA,A2,NA,18-34,18,34,26,10.6,89.5,6.7,3.8,1.4,0.329,0.025,13.2,5.23,4.46,14.6,3.3,0.001,2.2,0.2,0.3,0.1,NA,NA
62,495983,6404204,NA,NA,B1,NA,34-74,34,74,54,27.9,90.9,6.3,2.8,1.4,0.167,0.017,9.8,6.28,5.06,16,2.3,0.001,1.4,0.1,0.3,0.1,NA,NA
62,495983,6404204,NA,NA,B2,NA,74-95,74,95,84.5,0.2,55.7,26.4,17.9,1.5,0.27,0.031,8.7,7.38,6.16,3.5,5.4,0.1,3.9,0.1,0.9,0.2,NA,NA
63,496419,6404110,NA,NA,A,A,0-17,0,17,8.5,5,91.5,4.3,4.3,1.4,1.31,0.108,12.1,4.65,4.05,217.2,2,0.1,1.8,0.1,0.3,0.1,NA,NA
63,496419,6404110,NA,NA,E,NA,17-36,17,36,26.5,10.5,92.2,4.5,3.3,1.6,0.281,0.025,11,4.82,3.75,66.2,0.6,0.3,0.6,0.1,0.1,0.001,NA,NA
63,496419,6404110,NA,NA,B1,NA,36-52,36,52,44,9,91.9,5.3,2.8,1.6,0.095,0.009,10.6,5.56,4.73,16.8,0.4,0.001,0.6,0.001,0.2,0.001,NA,NA
63,496419,6404110,NA,NA,B2,NA,52-78,52,78,65,26.7,88,7.1,4.8,1.6,0.072,0.007,9.8,6.35,5.34,21,1.3,0.1,0.9,0.001,0.6,0.1,NA,NA
63,496419,6404110,NA,NA,B3,NA,78-95,78,95,86.5,6.8,71.9,9.2,18.9,1.9,0.103,0.013,7.6,5.83,4.74,31,3.6,0.1,1.1,0.001,2.1,0.2,NA,NA
64,495625,6403350,NA,NA,A,A,0-15,0,15,7.5,5.6,90.2,4.5,5.3,1.4,1.749,0.147,11.9,4.85,4.1,155.2,3.7,0.1,2.6,0.3,0.7,0.3,NA,NA
64,495625,6403350,NA,NA,E,NA,15-43,15,43,29,8.5,88,12,0.05,1.5,0.198,0.027,7.3,6.1,4.55,23.9,1.1,0.001,0.7,0.1,0.3,0.1,NA,NA
64,495625,6403350,NA,NA,B1,NA,43-59,43,59,51,14.8,49.1,5.7,45.2,1.5,0.164,0.036,4.6,6.52,5.76,155.5,6.4,0.1,1.3,0.001,3.8,0.7,NA,NA
64,495625,6403350,NA,NA,B2,NA,59-87,59,87,73,12.5,44.3,5.2,50.5,1.6,0.189,0.028,6.7,5.47,5.11,112.4,6.3,0.001,1.4,0.1,3.7,0.8,NA,NA
65,496030,6403765,NA,NA,A,A,0-19,0,19,9.5,8.8,87.4,5.7,6.9,1.3,1.33,0.106,12.6,5.79,4.73,102.4,2.3,0.1,1.4,0.1,0.4,0.2,NA,NA
65,496030,6403765,NA,NA,E,NA,19-34,19,34,26.5,15.6,93,6.5,0.5,1.4,0.176,0.023,7.8,5.33,4.78,17.2,0.7,0.1,0.6,0.001,0.3,0.1,NA,NA
65,496030,6403765,NA,NA,B,NA,34-50,34,50,42,34.8,51,8.8,40.3,NA,0.331,0.035,9.3,5.38,4.44,63.2,5.8,0.4,1.7,0.001,2.8,0.6,NA,NA
66,496610,6403404,NA,NA,A,A,0-5,0,5,2.5,5.8,85.2,9.5,5.3,1.3,1.57,0.12,13.1,5.72,5.26,271.5,6.1,0.001,5.3,0.2,0.7,0.1,NA,NA
66,496610,6403404,NA,NA,B1,NA,May-20,5,20,12.5,6,89.9,5.8,4.3,1.5,0.4,0.03,13.3,5.21,4.41,18.3,2.4,0.1,1.5,0.001,0.3,0.001,NA,NA
66,496610,6403404,NA,NA,B2,NA,20-50,20,50,35,16.7,92.1,4.1,3.8,1.7,0.3,0.02,15,5.8,4.8,27.6,3.3,0.001,2.2,0.001,0.5,0.1,NA,NA
66,496610,6403404,NA,NA,B3,NA,50-90,50,90,70,18.2,93.2,2,4.8,1.8,0.09,0.01,9,5.97,5.33,14.7,6.1,0.001,3.1,0.1,2.5,0.2,NA,NA
67,496759,6403845,NA,NA,A,A,0-5,0,5,2.5,1.8,78.3,2.5,19.2,1.1,5.81,0.507,11.5,6.38,5.11,593,12.7,0.001,6,0.3,6.3,3.3,NA,NA
67,496759,6403845,NA,NA,B,NA,May-31,5,31,18,5.2,80.4,5.7,14.3,1.5,2.25,0.178,12.6,6.64,4.7,132.4,7.6,0.001,3,0.1,3.2,1.3,NA,NA
67,496759,6403845,NA,NA,B2,NA,31-38,31,38,34.5,14.4,85.7,10.2,4.2,1.7,0.213,0.023,9.3,6.7,5.87,49.1,2.8,0.001,0.8,0.1,1.2,0.4,NA,NA
67,496759,6403845,NA,NA,Fossillised A,NA,38-42,38,42,40,11.1,3.1,49.2,47.7,1.5,0.316,0.042,7.5,6.44,5.72,141,10.8,0.001,3.1,0.2,5.3,1.7,NA,NA
68,496967,6403448,NA,NA,A,A,0-16,0,16,8,4.6,87.2,5.4,7.4,1.3,1.785,0.126,14.2,5.79,5.01,103.8,3.437,0.927,3.03,0.042,0.521,0.178,NA,NA
68,496967,6403448,NA,NA,E,NA,16-38,16,38,27,9.9,83.8,6.9,9.3,1.7,0.234,0.02,11.7,5.69,4.4,24.3,0.951,2.401,0.409,0.052,0.296,0.084,NA,NA
68,496967,6403448,NA,NA,B1,NA,38-52,38,52,45,1.3,37.2,6.9,55.9,1.5,0.252,0.03,8.3,5.27,4.26,71.1,4.192,12.101,0.787,0.067,2.11,0.395,NA,NA
68,496967,6403448,NA,NA,B2,NA,52-68,52,68,60,2.6,32.7,9.5,57.8,NA,0.197,0.021,9.4,5.21,4.09,63.2,5.728,2.463,0.58,0.035,3.447,0.628,NA,NA
69,497263,6404153,NA,NA,A,A,0-15,0,15,7.5,8.9,90.5,4,5.5,1.3,1.015,0.06,16.8,4.96,4.82,242,3.1,0.001,2.8,0.001,0.6,0.2,NA,NA
69,497263,6404153,NA,NA,E,NA,15 -40,15,40,27.5,16.3,87.7,4.5,7.8,1.5,0.304,0.016,19.4,5.55,4.38,20.3,1.3,0.1,0.7,0.001,0.3,0.001,NA,NA
69,497263,6404153,NA,NA,B1,NA,40-60,40,60,50,18.7,57.2,4.5,38.3,1.5,0.111,0.018,6.1,5.86,5.18,44.2,5.5,0.1,1.8,0.001,2.3,0.2,NA,NA
69,497263,6404153,NA,NA,B2,NA,60-85+,60,85,72.5,6,41.5,3.5,55,1.6,0.102,0.016,6.5,5.38,4.48,38.8,8.4,0.3,1.6,0.001,4.6,0.3,NA,NA
70,499413,6404060,NA,NA,A,A,0-10,0,10,5,0.05,93.2,4,2.8,1.3,2.169,0.208,10.4,6.49,5.32,275,6.869,0.067,5.649,0.751,1.092,0.158,NA,NA
70,499413,6404060,NA,NA,B,NA,Oct-25,10,25,17.5,0.1,95.6,1.5,3,1.4,0.27,0.02,13.3,4.88,3.95,27.9,1.363,0.062,0.407,0.125,0.121,0.026,NA,NA
70,499413,6404060,NA,NA,C,NA,25-38,25,38,31.5,0.1,94.3,1.5,4.2,1.5,0.157,0.015,10.3,4.96,3.8,19.8,0.931,0.078,0.354,0.116,0.127,0.021,NA,NA
70,499413,6404060,NA,NA,R,NA,38-48,38,48,43,0.1,92.7,3.9,3.4,NA,0.121,0.013,9.1,4.85,3.75,19.2,0.772,0.103,0.362,0.136,0.154,0.022,NA,NA
71,499377,6404113,NA,NA,A,A,0-15,0,15,7.5,0.1,76.9,14.1,9,1.4,2.6,0.214,12.2,5.3,4.62,44.3,8.617,0.052,6.925,0.103,1.176,0.252,NA,NA
71,499377,6404113,NA,NA,B1,NA,15-30,15,30,22.5,0.2,80.9,10.6,8.5,1.6,1.165,0.082,14.2,5.09,4.78,192.7,6.756,0.036,5.385,0.072,0.836,0.133,NA,NA
71,499377,6404113,NA,NA,B2,NA,30-50,30,50,40,0.4,82.3,8.2,9.5,1.7,0.256,0.022,11.6,5.96,4.95,22.5,4.733,0.001,3.167,0.04,0.714,0.063,NA,NA
71,499377,6404113,NA,NA,B2,NA,50-70,50,70,60,0.4,80.6,8.9,10.5,1.7,0.176,0.017,10.6,5.85,5.11,24.9,4.601,0.005,2.824,0.038,1.154,0.085,NA,NA
72,499214,6403703,NA,NA,A,A,0-13,0,13,6.5,0.1,99.7,0.1,0.2,1.5,2.195,0.206,10.6,5.26,4.8,319,6.382,0.546,6.246,0.374,1.253,0.6,NA,NA
72,499214,6403703,NA,NA,E,NA,13-24,13,24,18.5,0.2,89.4,7.3,3.3,1.6,0.292,0.025,11.8,7.58,4.68,16.6,0.4,1.656,0.386,0.126,0.139,0.039,NA,NA
72,499214,6403703,NA,NA,B1,NA,24-36,24,36,30,0.1,90,6.9,3.1,1.6,0.182,0.02,8.9,5.6,4.61,82.5,1.173,0.977,0.283,0.092,0.096,0.052,NA,NA
72,499214,6403703,NA,NA,B2,NA,36-85,36,85,60.5,0.3,72.2,12.9,14.9,1.7,0.104,0.021,4.9,5.24,4.05,77.6,1.072,2.014,0.436,0.136,0.179,0.063,NA,NA
73,498861,6403134,NA,NA,A,A,0-14,0,14,7,0.1,76.2,9.8,14,1.3,2.782,0.274,10.1,5.4,4.84,298,8.472,0.02,6.172,0.878,2.086,0.596,NA,NA
73,498861,6403134,NA,NA,E,NA,14-23,14,23,18.5,0.05,39.1,4,56.9,1.5,0.493,0.066,7.5,6.06,4.55,130,6.56,0.048,2.553,0.247,2.361,0.472,NA,NA
73,498861,6403134,NA,NA,B1,NA,23-43,23,43,33,0.05,32.2,10.3,57.6,1.3,0.401,0.059,6.8,5.85,5.08,170,7.243,0.254,2.865,0.221,3.08,0.592,NA,NA
73,498861,6403134,NA,NA,B2,NA,43-80,43,80,61.5,0.1,50.8,13.5,36.4,1.5,0.502,0.069,7.3,6.49,5.84,154,7.254,0.05,1.782,0.097,3.939,0.721,NA,NA
74,498125,64033455,NA,NA,A,A,0-17,0,17,8.5,10.9,85,4.6,10.4,1.5,0.701,0.067,10.5,6.1,5.74,4620,4.76,0.002,0.781,0.095,5.521,10.967,NA,NA
74,498125,64033455,NA,NA,E,NA,17-27,17,27,22,23.7,79.4,4.3,16.3,1.6,0.263,0.092,2.9,6.36,5.59,966,3.572,0.008,0.334,0.044,2.083,3.488,NA,NA
74,498125,64033455,NA,NA,B1,NA,27-60,27,60,43.5,11.6,50.9,3.1,46,1.7,0.243,0.036,6.8,5.56,5.28,1558,7.111,0.055,0.556,0.102,4.346,6.153,NA,NA
74,498125,64033455,NA,NA,B2,NA,60-79+,60,79,69.5,2.8,45.8,8.7,45.7,1.8,0.136,0.015,9.1,6.21,5.44,751,14.574,0.034,1.281,0.075,8.663,6.964,NA,NA
75,498350,6403540,NA,NA,A1,A,0-10,0,10,5,29.8,82,6.4,11.6,1.3,2.58,0.21,12.3,5.61,4.73,87.9,5.932,0.119,4.468,0.475,0.792,0.106,NA,NA
75,498350,6403540,NA,NA,A2,NA,Oct-15,10,15,12.5,53.8,83.2,9.7,7.1,1.5,0.817,0.068,12,6.14,5.1,21.7,4.142,0.041,3.11,0.214,0.65,0.051,NA,NA
75,498350,6403540,NA,NA,B1,NA,15-35,15,35,25,29.5,83.5,6.4,10.2,1.4,0.284,0.025,11.4,6.45,5.33,15.9,2.99,0.056,1.998,0.136,0.571,0.039,NA,NA
75,498350,6403540,NA,NA,B2,NA,35-80,35,80,57.5,18.6,68.7,8.6,22.7,1.8,0.2,0.029,6.9,6.37,5.46,21.3,3.918,0.075,1.901,0.142,1.297,0.093,NA,NA
76,498036,6403443,NA,NA,A,A,0-13,0,13,6.5,6.5,75.6,9.9,14.5,1.4,2.55,0.195,13.1,5.32,4.7,333,6.336,0.074,4.171,0.374,1.335,0.67,NA,NA
76,498036,6403443,NA,NA,A2,NA,13-23,13,23,18,11.3,62.2,7.8,30,1.5,0.608,0.054,11.3,6.29,4.55,53.6,5.172,0.079,2.541,0.021,1.596,0.354,NA,NA
76,498036,6403443,NA,NA,B,NA,23-68,23,68,45.5,16.5,41.6,4.6,53.8,1.4,0.346,0.056,6.2,5.77,4.95,120.2,6.901,0.102,2.395,0.01,3.091,0.484,NA,NA
76,498036,6403443,NA,NA,B,NA,68-82,68,82,75,7.6,34.2,7.7,58.1,1.4,0.4,0.053,7.5,5.8,4.94,98,6.921,0.08,2.432,0.002,3.196,0.495,NA,NA
77,497749,6403736,NA,NA,A,A,0-10,0,10,5,93.5,91.4,5.1,3.7,1.6,0.884,0.061,14.4,5.29,4.63,87.4,1.515,0.001,1.54,0.021,0.181,0.052,NA,NA
77,497749,6403736,NA,NA,E,NA,Oct-22,10,22,16,58.1,93.3,2.8,3.8,1.4,0.393,0.028,14.2,5.09,4.31,38.5,1.141,0.048,0.896,0.033,0.141,0.03,NA,NA
77,497749,6403736,NA,NA,B1,NA,22-38,22,38,30,53,88.4,3.5,7.9,1.7,0.428,0.029,14.9,5.76,4.75,27.2,0.977,0.049,0.759,0.012,0.173,0.041,NA,NA
77,497749,6403736,NA,NA,B2,NA,38-65,38,65,51.5,64.3,56.4,4.7,38.7,1.5,0.228,0.028,8.1,5.66,4.6,36.5,3.417,0.164,1.317,0.007,1.037,0.12,NA,NA
78,495287,6404011,NA,NA,A1,A,0-14,0,14,7,9.3,97,2,1,1.4,1.17,0.09,12.8,4.2,3.7,99,2.5,0.2,1.1,0.2,0.2,0.1,NA,NA
78,495287,6404011,NA,NA,A2,NA,14-37,14,37,25.5,11.2,91.5,2,6.5,1.4,0.23,0.02,10,3.6,3.4,24.6,2.2,0.4,0.3,0.001,0.1,0.001,NA,NA
78,495287,6404011,NA,NA,B1,NA,37-58,37,58,47.5,18.9,88.2,8.8,3,1.6,0.08,0.02,4.5,4.1,3.7,12.2,1.2,0.2,0.3,0.001,0.2,0.001,NA,NA
78,495287,6404011,NA,NA,B2,NA,58-90,58,90,74,12,59.4,5.6,35,1.8,0.19,0.04,4.7,4.5,3.9,40,8,0.4,1.1,0.001,4.9,0.3,NA,NA
79,495601,6403548,NA,NA,A1,A,0-15,0,15,7.5,6.9,90.5,6.7,2.7,1.5,1.69,0.11,14.9,5.08,4,49.5,2.1,0.4,0.8,0.001,0.2,0.2,NA,NA
79,495601,6403548,NA,NA,A2,NA,15-30,15,30,22.5,7.2,93.6,3,3.5,1.6,0.28,0.02,13.9,4.96,4.03,23.1,0.9,0.3,0.3,0.001,0.1,0.1,NA,NA
79,495601,6403548,NA,NA,B1,NA,30-40,30,40,35,7.7,92.3,4.5,3.2,1.7,0.07,0.01,11.2,5.25,3.95,19.5,0.7,0.2,0.1,0.001,0.1,0.1,NA,NA
79,495601,6403548,NA,NA,B2,NA,40-100,40,100,70,9.2,71.3,9.3,19.4,1.9,0.12,0.01,12.7,5.5,4.06,45.8,3.6,0.3,0.4,0.1,1,0.3,NA,NA
80,496179,6403888,NA,NA,A1,A,0-12,0,12,6,18.2,84.9,7.6,7.6,1.5,1.99,0.15,13.1,7.1,4.22,20.9,5.2,0.2,2.3,0.2,0.4,0.2,NA,NA
80,496179,6403888,NA,NA,A2,NA,Dec-23,12,23,17.5,12,77.1,7.5,15.3,1.6,1.23,0.09,14.2,7,5.06,8.6,7.5,0.1,3.4,0.001,1,0.1,NA,NA
80,496179,6403888,NA,NA,B2.1,NA,23-42,23,42,32.5,13.2,79.2,4.5,16.3,1.6,0.86,0.07,12.8,7.19,5.24,12.5,7.8,0.1,3.6,0.1,1.3,0.2,NA,NA
80,496179,6403888,NA,NA,B2.2,NA,42-49,42,49,45.5,14.3,78.6,4.6,16.8,1.7,0.4,0.05,8.3,6.51,5.34,11.6,5.9,0.001,2.1,0.001,1.4,0.2,NA,NA
80,496179,6403888,NA,NA,B2.3,NA,49-70,49,70,59.5,15.7,79.4,5.5,15.1,1.7,0.25,0.03,8.1,6.97,5.38,9.9,5,0.001,1.6,0.001,1.2,0.1,NA,NA
80,496179,6403888,NA,NA,B2.4,NA,70+,70,100,85,43.1,82.5,4.8,12.7,1.8,0.12,0.02,7.1,6.71,5.8,14,4.6,0.1,1.1,0.1,1.1,0.2,NA,NA
81,495842,6404279,NA,NA,A1,A,0-13,0,13,6.5,12,91.2,8.8,0.05,0.9,8.81,0.64,13.8,6.3,5.8,191.1,30,0.001,16.6,0.1,11.5,1.3,NA,NA
81,495842,6404279,NA,NA,A2,NA,13-38,13,38,25.5,17,92,2.5,5.5,1.7,0.23,0.03,7.9,6.6,5.69,97.1,2,0.1,0.7,0.1,1,0.4,NA,NA
81,495842,6404279,NA,NA,E,NA,38-64,38,64,51,32,84.6,6.6,8.8,1.7,0.17,0.03,5.3,6.2,5.91,92.7,1.7,0.001,0.5,0.1,1.1,0.4,NA,NA
81,495842,6404279,NA,NA,B,NA,64-100,64,100,82,60,97.2,2.8,0.05,1.7,0.21,0.03,7.4,6.8,6.01,253,1.6,0.001,0.4,0.1,1,0.5,NA,NA
82,499186,6404600,NA,NA,A,A,0-14,0,14,7,8,88.8,4.9,6.4,1.3,0.13,1.91,14.3,5.65,5.57,56.3,5.1,0.001,4.4,0.1,0.6,0.1,NA,NA
82,499186,6404600,NA,NA,B1,NA,14-32,14,32,23,30,88.1,5.6,6.3,1.6,0.05,0.69,14.8,4.62,4.41,22.4,1.9,0.1,1.2,0.001,0.2,0.1,NA,NA
82,499186,6404600,NA,NA,B2.1,NA,32-57,32,57,44.5,11,74.9,4.4,20.8,1.6,0.02,0.22,9.7,5.54,3.82,13.3,2.3,0.3,0.7,0.001,0.6,0.1,NA,NA
82,499186,6404600,NA,NA,B2.2,NA,57-64,57,64,60.5,19,24.9,7.6,67.5,NA,0.03,0.26,8.3,6.33,3.95,37.6,8.1,0.8,1,0.1,3.7,1,NA,NA
83,499543,6404302,NA,NA,A1,A,0-11,0,11,5.5,0.05,92.5,4.8,2.8,1.3,2.46,0.15,16.5,6,4.36,100.3,2.9,0.3,2.4,0.1,0.3,0.1,NA,NA
83,499543,6404302,NA,NA,A2,NA,Nov-27,11,27,19,0.05,90,3.3,6.8,1.6,0.38,0.03,13.9,5.15,5.16,16.3,0.6,1.3,0.3,0.1,0.1,0.001,NA,NA
83,499543,6404302,NA,NA,B1,NA,27-47,27,47,37,0.05,93.3,3.5,3.2,1.5,0.15,0.02,6.3,5.19,4.12,18.1,0.4,0.2,0.2,0.001,0.001,0.001,NA,NA
83,499543,6404302,NA,NA,B2,NA,47-70,47,70,58.5,0.05,78.2,16.3,5.5,1.8,0.09,0.02,4.2,6.08,5.45,25.7,2.1,0.6,0.7,0.1,0.7,0.2,NA,NA
84,499525,6403063,NA,NA,A1,A,0-10,0,10,5,5.4,89.9,5.2,4.9,1.7,0.97,0.08,11.7,7.6,6.6,836,5.7,0.1,2.3,0.1,2.9,4.1,NA,NA
84,499525,6403063,NA,NA,A2,NA,Oct-23,10,23,16.5,6.9,93.5,4,2.5,1.7,0.23,0.02,14.4,7.73,6.64,404,2.2,0.001,0.9,0.1,1.3,1.6,NA,NA
84,499525,6403063,NA,NA,B1,NA,23-34.5,23,34.5,28.8,2.1,92.5,3.7,3.7,1.8,0.11,0.02,6.6,8.07,6.57,287,2,0.001,0.7,0.1,1.3,1.3,NA,NA
84,499525,6403063,NA,NA,B2,NA,34.5-40,34.5,40,37.3,11.3,68.7,5.1,26.2,NA,0.21,0.03,6.2,8.28,6.59,332,10.9,0.001,2.7,0.1,6,3.2,NA,NA
84,499525,6403063,NA,NA,C,NA,40+,40,100,70,77.4,82.8,13.2,4,NA,NA,NA,NA,8.14,6.65,631,3.3,0.1,1,0.1,2.2,1.7,NA,NA
85,499038,6403680,NA,NA,A,A,0-16,0,16,8,3.7,72.7,11,16.3,1.2,0.25,2.59,10.4,4.9,5.2,38.8,30.5,0.001,16.1,2.8,9.5,0.5,NA,NA
85,499038,6403680,NA,NA,B1,NA,16-30,16,30,23,11.8,67,7.7,25.3,1.2,0.15,1.62,11,5.25,5.3,29.5,43.2,0.001,19.3,3.5,18.8,1.6,NA,NA
85,499038,6403680,NA,NA,B2,NA,30-60,30,60,45,79,69.8,8.1,22.1,1.4,0.23,2.34,10.2,6.4,5.5,38.2,33.2,0.001,18.7,2.3,10.8,0.5,NA,NA
85,499038,6403680,NA,NA,C,NA,60 +,60,100,80,19.4,70,6.5,23.5,NA,0.09,0.9,9.5,6.8,5.6,30.4,24.5,0.001,14.5,2.8,5.7,0.3,NA,NA
86,500472,6406189,NA,NA,A,A,0-10,0,10,5,37,89.1,4.8,6.1,1.3,2.76,0.18,15,6.86,5.55,85.1,6.7,0.1,5.7,0.2,0.8,0.1,NA,NA
86,500472,6406189,NA,NA,B1,NA,Oct-35,10,35,22.5,64,89.9,0.8,9.3,1.6,0.82,0.04,19.1,6.36,4.78,22.1,2.9,0.1,2.1,0.1,0.5,0.1,NA,NA
86,500472,6406189,NA,NA,B2,NA,35-72,35,72,53.5,21,58.6,2.8,38.5,1.6,0.16,0.01,16.1,6.41,5.46,33.5,3.6,0.3,0.5,0.1,2.2,0.1,NA,NA
87,500369,6406448,NA,NA,A1,A,0-15,0,15,7.5,10,65.8,30.2,4.1,1.6,1.71,0.13,13.2,6.45,5.41,98.7,4.3,0.001,3.2,0.1,0.5,0.4,NA,NA
87,500369,6406448,NA,NA,B1,NA,15-42,15,42,28.5,10,70.8,25.6,3.6,1.8,0.24,0.03,7.2,6.09,4.74,44,1.5,1.1,0.6,0.1,0.4,0.2,NA,NA
87,500369,6406448,NA,NA,B2-1,NA,42-72,42,72,57,10,80.9,6.2,12.9,2.1,0.15,0.02,7.2,6.32,5.3,41,3.4,1,0.3,0.1,1.6,0.5,NA,NA
87,500369,6406448,NA,NA,B2-2,NA,72-100,72,100,86,15,76,14.3,9.7,2,0.1,0.02,6.3,6.14,5.28,111.4,4.6,0.2,0.4,0.001,2.5,1,NA,NA
88,500517,6406387,NA,NA,AP,A,0-2,0,2,1,7.3,87.7,5.5,6.8,NA,2.5,0.11,22.3,5.73,3.67,5500,3.6,0.7,0.3,0.2,8.3,35.9,NA,NA
88,500517,6406387,NA,NA,B1,NA,Feb-42,2,42,22,14.6,46.5,9.8,43.7,NA,0.45,0.04,10.6,5.45,3.77,1255,19.8,0.4,0.4,0.1,13.5,10.5,NA,NA
88,500517,6406387,NA,NA,B2e,NA,42-73,42,73,57.5,58.2,23,12.9,64.2,NA,0.16,0.01,11.8,5.5,4.13,1133,26.7,0.1,0.6,0.1,18.4,12.5,NA,NA
89,499731,6407110,NA,NA,A1,A,0-14,0,14,7,12.8,87.3,8.4,4.3,1.3,2.81,0.26,10.8,5.15,5.85,610,8.3,0.001,6.4,0.9,1.3,1.2,NA,NA
89,499731,6407110,NA,NA,B1,NA,14-22,14,22,18,16.5,80.2,11.9,7.9,1.4,0.86,0.07,13.2,5.85,4.72,55.3,5.8,0.1,2,0.3,0.5,0.2,NA,NA
89,499731,6407110,NA,NA,B2,NA,29-90,22,90,56,27.3,82.4,7.4,10.2,1.6,0.22,0.04,5.5,6.14,5.6,45.5,4.8,0.001,2.3,0.5,1.5,0.3,NA,NA
90,499965,6407206,NA,NA,A1,A,0-10,0,10,5,27.7,88.5,8.3,3.3,1.3,1.96,0.15,13.2,5.49,4.56,154,4.8,0.2,3.4,0.4,0.4,0.3,NA,NA
90,499965,6407206,NA,NA,B1,NA,15-25,15,25,20,33.1,81.8,13.5,4.8,1.4,1.31,0.04,36.6,5.9,4.82,116.2,4.4,0.2,3.2,0.3,0.5,0.1,NA,NA
90,499965,6407206,NA,NA,B2-1,NA,29-39,29,39,34,17.7,76.5,11.5,12,1.5,0.38,0.02,16.2,7.01,5.88,118,6.9,0.2,5,0.1,1.3,0.2,NA,NA
90,499965,6407206,NA,NA,B2-2,NA,39-77,39,77,58,10,78,11,11,1.5,0.18,0.02,11,7.05,6.18,100.1,3.9,0.1,2.9,0.1,0.6,0.1,NA,NA
90,499965,6407206,NA,NA,C,NA,77-87,77,87,82,26.6,79,7,14,1.5,0.11,0.02,6.9,6.85,6.23,170.5,4.7,0.1,2.3,0.1,1.8,0.3,NA,NA
91,499990,6407578,NA,NA,A1,A,0-10,0,10,5,0.05,64.8,8.5,26.7,1.4,0.09,3.2,35.9,5.48,5.05,2970,8.3,0.1,1.2,0.4,4.6,15.8,NA,NA
91,499990,6407578,NA,NA,B1,NA,Oct-50,10,50,30,0.05,46,11.2,42.7,NA,0.02,0.45,18.8,6.59,5.45,769,4.8,0.1,0.1,0.3,1.6,6.3,NA,NA
91,499990,6407578,NA,NA,B2,NA,50-85,50,85,67.5,0.05,40.3,21,38.7,NA,0.01,0.26,19.5,7.76,6.37,1323,4.5,0.1,0.001,0.3,1.1,9,NA,NA
92,499992,6407442,NA,NA,A1,A,0-8,0,8,4,31.3,84.8,6.3,8.9,NA,0.2,5.25,25.9,6.1,4.67,16.9,2,0.1,0.7,0.2,0.3,0.2,NA,NA
92,499992,6407442,NA,NA,A2,NA,Aug-21,8,21,14.5,37.2,84.6,9.2,6.2,NA,0.13,4.16,31.4,5.6,4.19,11.9,2,0.5,0.6,0.1,0.6,0.2,NA,NA
92,499992,6407442,NA,NA,B2.1,NA,21-89,21,89,55,53.2,79.2,10.8,10,NA,0.04,0.98,25.3,5.85,5.09,19.1,4.4,0.1,0.1,0.001,3.5,0.3,NA,NA
92,499992,6407442,NA,NA,B2.2,NA,89-100,89,100,94.5,41.5,78.1,9.7,12.3,NA,0.03,0.97,28.1,5.75,5.01,39.5,3.9,0.5,0.1,0.001,3.2,0.6,NA,NA
93,496966,6406015,NA,NA,A1,A,0-16,0,16,8,2.9,88.2,5.3,6.5,1.2,5.09,0.248,5.3,6.28,5.49,87.7,10.1,0.001,7,0.1,2.7,0.6,NA,NA
93,496966,6406015,NA,NA,A2,NA,16-29,16,29,22.5,4.7,89.5,4.3,6.3,1.6,0.66,0.035,0.7,7.02,5.45,23.9,2.3,0.1,1.2,0.1,0.8,0.2,NA,NA
93,496966,6406015,NA,NA,B1,NA,29-54,29,54,41.5,3.9,91.8,4.5,3.7,1.5,3.19,0.183,3.4,6.49,4.93,23.8,1.4,0.001,0.5,0.001,0.4,0.2,NA,NA
93,496966,6406015,NA,NA,B2,NA,54-86,54,86,70,5.6,69.5,2.5,28,NA,1.57,0.058,1.6,4.4,3.67,106.5,4.4,0.6,0.7,0.1,2,0.6,NA,NA
94,497408,6405271,NA,NA,A,A,0-10,0,10,5,8.5,94.5,0.2,5.3,1.3,2.49,0.198,12.6,5.69,4.92,258,13.2,0.001,7.3,0.2,2.5,0.6,NA,NA
94,497408,6405271,NA,NA,B1,NA,Oct-20,10,20,15,16.4,94.7,0.1,5.2,1.6,1.1,0.076,14.5,6.15,4.87,27.2,5.4,0.1,3.7,0.2,1.3,0.2,NA,NA
94,497408,6405271,NA,NA,B2,NA,20-33,20,33,26.5,16.1,94.7,0.1,5.2,1.6,0.7,0.051,13.7,6.17,5.17,32.9,6.3,0.1,4.3,0.1,1.7,0.2,NA,NA
94,497408,6405271,NA,NA,B2.2,NA,33-55,33,55,44,26.2,94.7,0.05,5.3,1.2,0.65,0.043,15.1,6.28,5.26,25.9,6.5,0.001,4.2,0.1,2.1,0.2,NA,NA
94,497408,6405271,NA,NA,B2.3,NA,55-65,55,65,60,46.1,94.6,0.2,5.2,0.9,0.22,0.022,10,6.86,5.59,13.7,5.1,0.001,2.4,0.1,2.9,0.3,NA,NA
95,498190,6405398,NA,NA,A1.1,A,0-14,0,14,7,24.4,69.4,24.4,6.2,1,6.92,0.25,27.7,5.43,4.33,153.8,2.3,0.8,0.5,0.1,0.6,0.2,NA,NA
95,498190,6405398,NA,NA,A1.2,NA,14-37,14,37,25.5,46.8,76.2,6.5,17.3,1.1,3.3,0.139,23.7,4.76,4.33,760,3,0.7,0.1,0.1,2.8,1.6,NA,NA
95,498190,6405398,NA,NA,B2.1,NA,37-47,37,47,42,7.4,67.2,16.8,16,1.3,1.42,0.079,18,4.53,4.27,810,3,0.7,0.001,0.001,3.2,2.2,NA,NA
95,498190,6405398,NA,NA,B2.2,NA,47-80,47,80,63.5,8.2,57.6,19.3,23.1,1.2,1.1,0.052,21.2,4.64,4.33,807,2.6,0.5,0.001,0.001,3,2,NA,NA
96,498021,6406009,NA,NA,Ap,A,0-16,0,16,8,5.9,84,10.8,5.3,1.3,3.19,0.183,17.4,5.31,4.67,71.8,4.8,0.1,2.8,0.1,1.7,0.5,NA,NA
96,498021,6406009,NA,NA,A1,NA,16-26,16,26,21,7.9,91.6,2.3,6.1,1.5,1.57,0.058,27.1,6.35,4.93,23.9,4,0.1,1.5,0.001,2.3,0.5,NA,NA
96,498021,6406009,NA,NA,A2e,NA,26-45,26,45,35.5,7.5,93,4.2,2.8,1.5,0.09,0.013,6.9,6.12,5.08,34.4,0.8,0.001,0.3,0.001,0.7,0.2,NA,NA
96,498021,6406009,NA,NA,B1,NA,45-63,45,63,54,9.5,90.6,3.3,6.1,1.8,0.07,0.018,3.9,6.92,5.53,41.6,1.1,0.001,0.2,0.001,1,0.2,NA,NA
96,498021,6406009,NA,NA,B2,NA,63-100,63,100,81.5,10.9,88,4.5,7.5,1.6,0.09,0.019,4.7,6.75,5.51,29.9,1.7,0.1,0.2,0.001,1.1,0.3,NA,NA
97,498570,6405704,NA,NA,Ap,A,0-11,0,11,5.5,6.2,89.4,5.4,5.2,1.4,3,0.158,19,5.07,4.4,94.7,2.5,0.8,1.9,0.1,0.4,0.2,NA,NA
97,495870,6405704,NA,NA,A2e,NA,Nov-35,11,35,23,6.8,85.7,7,7.3,1.6,0.38,0.033,12,5.37,4.38,38.1,0.7,0.2,0.6,0.001,0.2,0.001,NA,NA
97,498570,6405704,NA,NA,B1,NA,35-50,35,50,42.5,3.1,59.1,8.3,32.6,1.3,1.05,0.053,20,4.74,4.02,44.1,2.1,0.6,0.8,0.001,0.6,0.1,NA,NA
97,498570,6405704,NA,NA,B2,NA,50-80,50,80,65,8.5,44.3,8.6,47,1.2,0.31,0.04,8,4.92,4.31,43.2,3.1,0.9,0.4,0.1,1.9,0.1,NA,NA
98,497297,6405615,NA,NA,Ap,A,0-13,0,13,6.5,11,92,4.3,3.8,1.5,1.4,0.111,12.6,5.62,4.95,255.5,3.9,0.001,3,0.7,0.8,0.2,NA,NA
98,497297,6405615,NA,NA,B1,NA,13-28,13,28,20.5,21.5,90.2,8,1.8,1.7,0.32,0.026,12.3,6.63,5.26,24.1,2.2,0.001,1.1,0.3,0.2,0.001,NA,NA
98,497297,6405615,NA,NA,B2,NA,28-62,28,62,45,37.7,91.2,5.8,3,1.6,0.15,0.015,10,6.77,5.62,18,1.6,0.001,1,0.2,0.2,0.001,NA,NA
98,497297,6405615,NA,NA,B3,NA,62-80,62,80,71,16.6,67.4,13.2,19.5,NA,0.18,0.016,11.3,6.77,5.6,36.8,4.6,0.2,2.5,0.3,1.1,0.2,NA,NA
99,498621,6406819,NA,NA,A,A,0-7,0,7,3.5,19.1,72.7,10.8,16.5,1,9.92,0.296,33.5,4.7,4.57,1888,10,0.1,1.4,0.3,7.6,15.9,NA,NA
99,498621,6406819,NA,NA,B2.1,NA,Jul-30,7,30,18.5,22.5,24.8,29.3,45.9,1.4,0.87,0.037,23.5,4.05,3.77,1916,5.1,0.5,0.1,0.2,2.7,11.4,NA,NA
99,498621,6406819,NA,NA,B2.2,NA,30-60,30,60,45,42.4,25.7,23.8,50.5,1.4,0.66,0.037,17.8,3.95,3.67,1515,5.1,0.6,0.001,0.2,2.8,10.1,NA,NA
99,498621,6406819,NA,NA,B2.3,NA,60-93,60,93,76.5,35.3,22.7,63.5,13.8,1.4,0.32,0.022,14.5,4.1,3.73,2473,4.8,0.3,0.001,0.2,2.7,12,NA,NA
100,498605,6406597,NA,NA,A1,A,0-10,0,10,5,11.7,90.7,6,3.3,1.6,1.71,0.114,15,4.8,4.27,229.5,3.4,0.2,2.6,0.1,0.4,0.4,NA,NA
100,498605,6406597,NA,NA,A2,NA,Oct-20,10,20,15,15.5,86.7,7.8,5.5,1.5,0.44,0.038,11.6,5.55,4.26,30.3,2.4,0.1,1.5,0.1,0.4,0.1,NA,NA
100,498605,6406597,NA,NA,B1.1,NA,22-35,22,35,28.5,16.2,89.2,5.8,5,1.5,0.26,0.032,8.1,6.3,4.82,24,2.3,0.001,1.5,0.001,0.4,0.1,NA,NA
100,498605,6406597,NA,NA,B1.2,NA,35-48,35,48,41.5,14.8,86.7,8.8,4.5,1.5,0.17,0.022,7.7,6.25,4.96,30.1,2.5,0.001,1,0.001,0.6,0.2,NA,NA
100,498605,6406597,NA,NA,B2,NA,48 +,48,100,74,16.6,35.7,9.3,55,NA,0.25,0.041,6.1,5.86,4.92,98.4,10.5,0.1,1.8,0.1,7.4,1,NA,NA
101,497600,6406851,NA,NA,A,A,0-21,0,21,10.5,6.7,84.4,6.3,9.3,1.4,1.91,0.131,14.6,5.54,4.45,16.3,4,0.1,2.5,0.001,0.8,0.3,NA,NA
101,497600,6406851,NA,NA,B1,NA,21-33,21,33,27,9.1,87,4.5,8.5,1.6,0.55,0.044,12.5,6,4.52,7.1,2.4,0.1,1.3,0.001,0.6,0.1,NA,NA
101,497600,6406851,NA,NA,B2.1,NA,33-46,33,46,39.5,18.8,86,5.8,8.3,1.7,0.15,0.015,10,6.33,4.82,6,1.3,0.001,0.6,0.001,0.5,0.3,NA,NA
101,497600,6406851,NA,NA,B2.2,NA,46 +,46,100,73,20.6,71.8,8.5,19.7,1.8,0.11,0.027,4.1,6.58,5.05,18.3,2.7,0.001,0.4,0.001,1.2,0.5,NA,NA
102,497935,6406296,NA,NA,Ap,A,0-7,0,7,3.5,13.6,83.3,7.8,8.8,1.4,3.44,0.284,12.1,5.48,4.88,192,8.8,0.001,7,0.4,1.5,0.5,NA,NA
102,497935,6406296,NA,NA,A2,NA,Jul-30,7,30,18.5,11.9,80.8,9.3,9.8,1.2,1.04,0.078,13.3,6.13,5.19,25,7.4,0.001,5.5,0.1,1.6,0.1,NA,NA
102,497935,6406296,NA,NA,B1,NA,30-65,30,60,45,23.2,91,7.3,1.8,1.8,0.12,0.017,7.1,6.43,5.6,13.5,1.5,0.001,0.9,0.001,0.5,0.1,NA,NA
102,497935,6406296,NA,NA,B2,NA,65-95,65,95,80,42,93.2,4.8,2,1.5,0.11,0.017,6.5,6.6,5.74,12.3,1.4,0.001,0.9,0.001,0.6,0.1,NA,NA
103,497589,6406632,NA,NA,AP,A,0-10,0,10,5,14.6,92.2,7.8,0.3,1.4,0.71,0.046,15.4,5.68,4.42,25.2,2.47,0.12,2.13,0.1,0.35,0.08,NA,NA
103,497589,6406632,NA,NA,A2,NA,Oct-17,10,17,13.5,16.2,88.4,7.8,3.8,1.5,2.11,0.161,13.1,5.55,4.78,51,3.73,0.14,3.22,0.17,0.54,0.16,NA,NA
103,497589,6406632,NA,NA,B1 ,NA,17-29,17,29,23,35.8,87,9.3,3.8,1.6,0.48,0.045,10.7,5.99,4.92,18.5,3.04,0.03,2.63,0.05,0.41,0.09,NA,NA
103,497589,6406632,NA,NA,B2,NA,29-38,29,38,33.5,37.2,86.7,13.3,0.05,1.6,0.22,0.028,7.9,5.53,5.17,15.4,2.08,0.02,1.71,0.04,0.31,0.06,NA,NA
103,497589,6406632,NA,NA,B3,NA,38-65,38,65,51.5,0.05,0.05,0.05,0.05,NA,NA,NA,NA,NA,NA,NA,0.001,0.001,0.001,0.001,0.001,0.001,NA,NA
103,497589,6406632,NA,NA,C,NA,65+,65,99,82,0.05,0.05,0.05,0.05,NA,NA,NA,NA,NA,NA,NA,0.001,0.001,0.001,0.001,0.001,0.001,NA,NA
104,498319,6406858,NA,NA,Ap,A,0-12,0,12,6,2.4,90.9,0.05,9.1,1.4,3.21,0.18,17.8,5.9,5.4,324,4.94,0.02,4.6,0.09,0.66,0.36,NA,NA
104,498319,6406858,NA,NA,A1,NA,Dec-27,43,27,35,8.5,89.7,1,9.3,1.5,0.75,0.038,19.7,6.6,5.3,255,1.89,0.03,1.58,0.05,0.43,0.21,NA,NA
104,498319,6406858,NA,NA,B2(1),NA,27-55,27,55,41,3.8,87.3,10.2,2.5,1.7,0.22,0.023,9.6,6.3,5.7,197,0.87,0.05,0.71,0.02,0.42,0.26,NA,NA
104,498319,6406858,NA,NA,B2(2),NA,55 - -75,55,75,65,0.05,60.3,11.8,27.9,NA,0.08,0.011,7.3,6.6,6.3,512,2.69,0.15,0.35,0.09,1.53,0.93,NA,NA
105,498281,6405988,NA,NA,AP,A,0-15,0,15,7.5,7.6,82.7,4.4,12.9,1.6,1.56,0.119,13.1,5.4,4.41,144,5.47,0.02,4.44,0.18,0.7,0.34,NA,NA
105,498281,6405988,NA,NA,A2,NA,15-27,15,27,21,7.5,83.2,3.4,13.4,1.3,0.33,0.032,10.3,5.31,4.11,31,1.01,0.04,0.42,0.04,0.18,0.09,NA,NA
105,498281,6405988,NA,NA,B1,NA,27-50,27,50,38.5,7.8,81.6,1.8,16.6,1.6,0.1,0.023,4.3,6.13,4.47,8.8,0.66,0.01,0.21,0.03,0.18,0.04,NA,NA
105,498281,6405988,NA,NA,B2,NA,50-77,50,77,63.5,15.6,84,2.9,13.2,1.7,0.07,0.016,4.4,6.05,4.6,8.5,0.99,0.03,0.24,0.01,0.38,0.08,NA,NA
106,497871,6405870,NA,NA,Ap,A,0-12,0,12,6,11,88.2,6.5,5.3,1.4,2.14,0.149,14.4,5.78,4.7,93.5,3.7,0.08,3.02,0.19,0.69,0.28,NA,NA
106,497871,6405870,NA,NA,A2,NA,Dec-29,12,29,20.5,25,88.5,5.5,6,1.5,0.69,0.048,14.4,5.8,4.49,26.7,1.61,0.11,1.32,0.09,0.32,0.06,NA,NA
106,497871,6405870,NA,NA,B1,NA,29-47,29,47,38,25,90.2,3.5,6.3,1.6,0.2,0.02,10,5.96,4.49,15.2,0.94,0.06,0.64,0.05,0.28,0.06,NA,NA
106,497871,6405870,NA,NA,B2,NA,46-70,46,70,58,21,73.3,8.9,17.8,1.6,0.13,0.02,6.5,6.12,4.51,20.4,1.46,0.09,0.45,0.04,0.89,0.15,NA,NA
107,497717,6406879,NA,NA,A1,A,0-20,0,20,10,5.7,92.8,5.3,2,1.6,1.13,0.062,18.2,5.16,4.11,113.9,1.65,0.13,0.45,0.01,0.66,0.68,NA,NA
107,497717,6406879,NA,NA,A2,NA,20-54,20,54,37,16.4,92,2.2,5.7,1.4,0.25,0.024,10.4,5.84,5.1,98.3,0.81,0.01,0.23,0.01,0.67,0.37,NA,NA
107,497717,6406879,NA,NA,B2.1,NA,54-60,54,60,57,15.8,91.8,3.3,5,1.7,0.12,0.018,6.7,7.97,6.09,115.3,1.04,0.02,0.2,0.01,0.79,0.56,NA,NA
107,497717,6406879,NA,NA,B2.2,NA,60-66,60,66,63,18.9,91,2.8,6.3,NA,NA,NA,NA,8.46,6.1,55.7,0.001,0.001,0.001,0.001,0.001,0.001,NA,NA
107,497717,6406879,NA,NA,B2.3,NA,66-72,66,72,69,30.1,87.6,7.6,4.8,NA,NA,NA,NA,8.98,6.23,64.9,0.001,0.001,0.001,0.001,0.001,0.001,NA,NA
108,498686,6406827,NA,NA,A1,A,0-19,0,19,9.5,35.2,70.2,10.4,19.4,1,7.72,0.248,31.1,4.78,4.47,224.4,3.93,0.37,1.09,0.42,1.87,1.06,NA,NA
108,498686,6406827,NA,NA,B1,NA,19-30,19,30,24.5,68.7,67.2,11,21.8,1.3,3.54,0.138,25.7,4.95,4.4,310,2.47,0.46,0.19,0.21,1.84,1.19,NA,NA
108,498686,6406827,NA,NA,B2(1),NA,30-41,30,41,35.5,65,63.2,15,21.8,1.4,2.01,0.095,21.2,4.59,4.32,799,1.82,0.65,0.08,0.16,1.93,2.15,NA,NA
108,498686,6406827,NA,NA,B2(2),NA,41-69,41,69,55,2.6,60.7,16.5,22.9,1.6,0.49,0.023,21.3,4.25,4.08,822,2.02,0.86,0.01,0.15,1.93,2.68,NA,NA
109,497585,6405949,NA,NA,A1,A,0 - 8,0,8,4,11.7,81.5,7.8,10.6,1.3,2.161,0.185,11.7,5.68,5.1,421,6.46,0.02,3.78,2.02,1.02,1.03,NA,NA
109,497585,6405949,NA,NA,A2,NA,Aug-20,8,20,14,71.3,79.4,10.1,10.6,NA,0.564,0.046,12.3,5.98,5.29,102.2,4.38,0.01,3.01,0.93,0.53,0.19,NA,NA
109,497585,6405949,NA,NA,B1,NA,20 - 43,20,43,31.5,19.5,77.8,8.6,13.7,1.5,0.385,0.04,9.6,6.05,5.32,91.1,3.52,0.01,2.76,0.29,0.58,0.18,NA,NA
109,497585,6405949,NA,NA,B2,NA,43 - 64,43,64,53.5,1.4,38.8,6.5,54.8,1.6,0.448,0.054,8.3,5.51,5.6,77.2,9.78,0.01,6.37,0.06,2.82,0.52,NA,NA
109,497585,6405949,NA,NA,B3,NA,64 - 81,64,81,72.5,20.5,51.5,14.3,34.2,NA,0.218,0.027,8.1,5.98,5.61,49.7,8.24,0.02,4.42,0.05,3.39,0.32,NA,NA
110,498413,6406916,NA,NA,A1,A,0-7,0,7,3.5,48.9,71.5,13.6,14.9,1.2,4.5,0.17,26.5,4.7,4.78,547,1.12,0.44,0.11,0.12,0.78,2.16,NA,NA
110,498413,6406916,NA,NA,A2,NA,Jul-27,7,27,17,37.8,70.2,19.7,10.1,1.1,3.01,0.128,23.5,4.78,4.59,301,1.23,0.47,0.04,0.08,0.8,1.37,NA,NA
110,498413,6406916,NA,NA,B1,NA,27-42,27,42,34.5,46.3,67.4,22.5,10,1.2,2.7,0.134,20.1,4.63,4.46,641,1.37,0.46,0.03,0.05,1.51,3.1,NA,NA
110,498413,6406916,NA,NA,B2,NA,42-61,42,61,51.5,32.8,73.4,16.9,9.7,1.2,1.34,0.079,17,3.9,4,853,1.39,2.3,0.03,0.03,1.58,3.88,NA,NA
111,500191,6405914,NA,NA,A1 (1),A,0 - 8,0,8,4,20.6,90.3,8.8,0.9,1.4,2.1,0.165,0.1,5.8,5.04,73.2,3.83,0.04,3.08,0.12,0.4,0.09,NA,NA
111,500191,6405914,NA,NA,A1 (2),NA,0 - 8,0,8,4,24.5,93.4,5.8,0.8,NA,NA,NA,NA,6.05,5.33,98.5,0.001,0.001,0.001,0.001,0.001,0.001,NA,NA
111,500191,6405914,NA,NA,A2 (1),NA,Aug-15,8,15,11.5,33.6,0.05,0.05,0.05,1.4,1.38,0.101,0.1,5.7,4.53,53.7,2.47,0.15,1.81,0.05,0.25,0.05,NA,NA
111,500191,6405914,NA,NA,A2 (2),NA,Aug-15,8,15,11.5,28,90,8.9,1.1,NA,NA,NA,NA,5.21,4.32,32.2,0.001,0.001,0.001,0.001,0.001,0.001,NA,NA
111,500191,6405914,NA,NA,B1,NA,15- 30,15,30,22.5,37.8,92.1,6.4,1.5,1.4,NA,NA,NA,5.38,4.48,32.4,4.03,0.03,2.96,0.09,0.56,0.08,NA,NA
112,499889,6405789,NA,NA,A1,A,0-19,0,19,9.5,7.8,89.2,5.3,5.5,1.4,2.67,0.206,13,6.01,5.05,33.7,5.47,0.02,4.44,0.18,0.7,0.34,NA,NA
112,499889,6405789,NA,NA,A2,NA,19-33,19,33,26,8.4,91,5.3,3.8,1.7,0.18,0.018,10,5.73,4.72,31.1,1.01,0.04,0.42,0.04,0.18,0.09,NA,NA
112,499889,6405789,NA,NA,B1,NA,33-46,33,46,39.5,10.4,93.2,4.3,2.5,1.6,0.05,0.012,4.2,6.22,5.06,7.2,0.66,0.01,0.21,0.03,0.18,0.04,NA,NA
112,499889,6405789,NA,NA,B2-1,NA,46-69,46,69,57.5,10.7,88.7,6,5.3,1.8,0.05,0.018,2.8,6.37,5.25,13.2,0.99,0.03,0.24,0.01,0.38,0.08,NA,NA
112,499889,6405789,NA,NA,B2-2,NA,69-84,69,84,76.5,10,73.6,8,18.4,1.7,0.05,0.019,2.6,6.01,5.17,26.8,2.03,0.11,0.41,0.001,1.07,0.19,NA,NA
113,499744,6406666,NA,NA,A1,A,0-10 ,0,0,0,14.1,68,6.1,25.9,1.2,6.6,0.193,34.2,4.33,4.02,1186,4.61,0.83,0.83,0.14,5.38,6.49,NA,NA
113,499744,6406666,NA,NA,A2,NA,44470,10,70,40,9.2,53.1,21.3,25.6,1.4,1.86,0.058,32.4,4.21,3.97,970,3.62,1.49,0.13,0.08,2.94,5.63,NA,NA
113,499744,6406666,NA,NA,BA1,NA,21-27 ,21,7,14,5.9,44.5,19.2,36.3,NA,2.46,0.076,32.2,4.46,3.99,530,3.52,1.62,0.03,0.05,1.47,3.16,NA,NA
113,499744,6406666,NA,NA,B1,NA,27-56 ,27,6,16.5,3.7,46.2,23.3,30.5,1.3,0.81,0.024,33.6,4.36,3.93,705,3.89,1.67,0.01,0.04,1.8,3.83,NA,NA
113,499744,6406666,NA,NA,B2,NA,56+ ,56,99,77.5,9,38.3,20.5,41.2,1.6,0.44,0.029,15.5,4.27,3.86,904,3.53,1.05,0.001,0.001,1.78,4.98,NA,NA
114,499501,6407034,NA,NA,AP,A,0-12,0,12,6,18.3,88.3,2.5,9.2,1.4,1.79,0.114,15.7,5.75,5.22,96.6,4.05,0.02,3.38,0.05,0.44,0.1,NA,NA
114,499501,6407034,NA,NA,A2,NA,11293,12,93,52.5,39.7,85.4,7.8,6.8,1.6,0.29,0.043,6.7,5.38,4.98,26.7,1.79,0.02,1.07,0.02,0.32,0.03,NA,NA
114,499501,6407034,NA,NA,B11,NA,30-43,30,43,36.5,34,82.2,10,7.9,1.6,0.26,0.027,9.6,5.83,5,2,2.46,0.03,1.49,0.02,0.77,0.09,NA,NA
114,499501,6407034,NA,NA,B12,NA,43-53,43,53,48,31.4,71.9,13.8,14.3,1.4,0.21,0.026,8.1,5.84,5.03,8.1,3.53,0.02,1.42,0.03,1.69,0.16,NA,NA
114,499501,6407034,NA,NA,B2,NA,53-80+,53,80,66.5,28.3,55.5,14.8,29.8,1.6,0.16,0.024,6.7,5.9,5.15,21.5,6.23,0.06,1.58,0.05,3.87,0.34,NA,NA
115,500178,6406526,NA,NA,AP,A,0-14,0,14,7,7.8,92.2,3.8,4,1.4,2.99,0.2,15,6.4,5.79,81.3,7.48,0.01,7.19,0.1,0.9,0.09,NA,NA
115,500178,6406526,NA,NA,A2,NA,14-25,14,25,19.5,8.4,87.7,9.5,2.8,1.7,2.15,0.134,16,5.87,4.97,38.5,3.61,0.01,3.38,0.05,0.41,0.06,NA,NA
115,500178,6406526,NA,NA,B1,NA,25-43,25,43,34,10.4,88.9,7.8,3.3,1.7,0.37,0.024,15.4,5.34,4.54,19.9,1.31,0.05,0.87,0.05,0.15,0.02,NA,NA
115,500178,6406526,NA,NA,B21,NA,43-55,43,55,49,10.7,82.5,4.4,13.1,1.8,0.17,0.015,11.3,5.92,5.32,39.8,2.85,0.05,1.48,0.01,0.99,0.18,NA,NA
115,500178,6406526,NA,NA,B22,NA,55-80,55,80,67.5,16.7,63.8,9.5,26.5,1.8,0.13,0.016,8.1,5.65,5.57,49.9,3.36,0.06,1.37,0.03,1.38,0.22,NA,NA
116,5000268,6406278,NA,NA,A1,A,0-9,0,9,4.5,12,95.2,4.5,0.3,1.5,1.62,0.064,25.3,4.93,4.65,536,1.38,0.07,1.17,0.01,0.97,0.62,NA,NA
116,5000268,6406278,NA,NA,A2,NA,Sep-17,9,17,13,13.8,92.7,6.5,0.8,1.6,0.26,0.016,16.3,5.07,4.48,91.1,0.91,0.08,0.27,0.001,0.32,0.15,NA,NA
116,5000268,6406278,NA,NA,B1,NA,17-34.5,17,0.5,8.8,12.9,94,5,1,1.6,0.11,0.023,4.8,4.75,4.48,124.7,0.52,0.05,0.18,0.001,0.32,0.25,NA,NA
116,5000268,6406278,NA,NA,B2,NA,34.5-54.5,34,0.5,17.3,12.8,92.9,5,2,1.7,0.06,0.016,3.8,5.08,4.95,320,0.61,0.02,0.24,0.001,0.71,0.83,NA,NA
116,5000268,6406278,NA,NA,C,NA,54.5-74,54,74,64,16.1,93.9,4.6,1.5,1.7,0.05,0.008,6.3,5.62,4.5,223,1.27,0.01,0.11,0.04,1.99,1.85,NA,NA
116,5000268,6406278,NA,NA,C2,NA,>74,74,99,86.5,26.1,0.05,0.05,0.05,NA,NA,NA,NA,6.19,5.33,1106,0.001,0.001,0.001,0.001,0.001,0.001,NA,NA
117,499300,6406201,NA,NA,AP,A,0-10,0,10,5,13.2,83.5,8.3,8.3,1.5,1.17,0.26,4.5,5.58,4.85,122,5.43,0.04,4.2,0.19,0.9,0.29,NA,NA
117,499300,6406201,NA,NA,A1,NA,Oct-22,10,22,16,17.2,81,10,9,1.5,0.31,0.074,4.2,5.76,4.57,33.6,4.24,0.1,3.01,0.05,0.65,0.11,NA,NA
117,499300,6406201,NA,NA,A2,NA,22-40,22,40,31,41,81.7,8.8,9.5,1.1,3.13,0.039,80.3,7.06,5.2,28.8,2.94,0.01,1.91,0.04,0.73,0.15,NA,NA
117,499300,6406201,NA,NA,B1,NA,40-58,40,58,49,23.1,67.1,14.9,18.1,1.5,0.21,0.027,7.8,7.11,5.53,32.9,3.53,0.02,1.49,0.02,1.65,0.21,NA,NA
117,499300,6406201,NA,NA,B2,NA,58-80,58,80,69,11.2,48.7,11.6,39.8,1.4,0.29,0.039,7.4,6.86,5.7,55.1,7.4,0.03,2.43,0.01,3.98,0.42,NA,NA
118,497285,6404092,NA,NA,A1p,A,0-10,0,10,5,5.2,97,1.1,1.9,1.5,1.4,0.083,16.9,5.46,4.68,59.9,1.8,0.08,1.2,0.1,0.2,0.001,NA,NA
118,497285,6404092,NA,NA,A2,NA,Oct-23,10,23,16.5,6.5,96.1,1.4,2.4,1.6,0.69,0.029,23.8,5.41,4.44,22.8,1.6,0.12,0.9,0.001,0.1,0.001,NA,NA
118,497285,6404092,NA,NA,A2e,NA,23-51,23,51,37,10.4,94.8,1.8,3.4,1.6,0.29,0.016,18.1,5.42,4.37,13.6,0.7,0.1,0.5,0.001,0.1,0.001,NA,NA
118,497285,6404092,NA,NA,B21,NA,51-77,51,77,64,18.2,82.8,6.8,10.5,1.7,0.13,0.013,10,5.38,4.44,25.1,2.3,0.2,0.6,0.001,1,0.1,NA,NA
118,497285,6404092,NA,NA,B22,NA,77-100,77,0,38.5,18.2,77.5,11.5,11,1.7,0.2,0.018,11.1,5.31,4.43,35.5,4.7,0.33,0.9,0.1,2.4,0.2,NA,NA
119,497233,6403538,NA,NA,A1,A,0 - 18,0,18,9,11.4,87.5,4.3,8.3,1.4,1.38,0.093,14.8,5.84,5.27,451.8,4.4,0.04,3.1,0.3,1.4,2.4,10YR 3.4,NA
119,497233,6403538,NA,NA,B1,NA,18 - 39,18,39,28.5,30.7,87.3,4.2,8.5,1.4,0.48,0.035,13.7,6.15,4.98,148.3,3.7,0.05,1.5,0.2,0.9,1.3,7.5YR 4.4,NA
120,497324,6403603,NA,NA,A1p,A,0-13,0,13,6.5,12,88.3,4.4,7.3,1.6,1.83,0.118,15.5,6.28,5.65,89.4,6.2,0.05,5.9,0.2,1,0.2,NA,10YR 4.4
120,497324,6403603,NA,NA,B1,NA,13-40,13,40,26.5,8,87,4.4,8.6,1.7,0.39,0.029,13.4,6.01,5.04,37,2.4,0.05,1.5,0.1,0.4,0.1,NA,7.5YR 5.6
120,497324,6403603,NA,NA,B2,NA,40-55,40,55,47.5,20,73.5,9.9,16.6,1.7,0.34,0.035,9.7,6.17,5.21,59.9,6.6,0.3,2,0.001,3.8,0.3,NA,7.5YR 5.8
120,497324,6403603,NA,NA,B2c,NA,55+,55,99,77,37,75.5,12.6,11.9,1.6,0.24,0.036,6.7,5.95,5.26,79.6,7.9,0.1,2,0.1,4.8,0.4,NA,7.5YR 5.8
121,497689,6404242,NA,NA,1A1 (mixed organic),A,0 - 6,0,6,3,5,85.9,4.2,9.9,1.7,1.82,0.125,14.6,5.52,4.68,69,7.1,0.04,4.6,0.5,0.7,0.1,2.5YR 2.5.3,5YR 3.4
121,497689,6404242,NA,NA,1B2 (Colluvium layer),NA,Jun-17,6,17,11.5,10,82.6,4.4,13,1.6,0.84,0.072,11.7,5.9,4.95,36.3,6.2,0.04,4,0.4,0.7,0.1,2.5YR 3.6,2.5YR 3.6
121,497689,6404242,NA,NA,2B22 (Coluvium layer),NA,17 - 36,17,36,26.5,23,87.5,3.2,9.3,NA,0.5,0.04,12.5,6.49,5.13,16,6.2,0.03,4.5,0.1,0.9,0.1,5YR 4.6,2.5YR 3.6
121,497689,6404242,NA,NA,C (Weathered bedrock),NA,36 - 62,36,62,49,30,83.2,4.3,12.5,NA,0.33,0.035,9.4,7.03,6.06,17.8,6.2,0.02,4.3,0.001,1.1,0.1,2.5YR 3.6,2.5YR 4.8
122,497615,6404678,NA,NA,1A1,A,0 - 11,0,11,5.5,5.4,95.3,4.6,1.1,1.3,4.18,0.271,15.4,5.5,5.42,62.5,5.2,0.14,3.2,0.2,1.1,0.1,10YR 2.2,10YR 6.2
122,497615,6404678,NA,NA,1A2e,NA,Nov-28,11,28,19.5,9.1,93.5,5.2,1.3,1.6,0.31,0.016,19.4,5.89,4.27,22.1,1.3,0.06,0.1,0.1,0.5,0.1,10YR 6.3,10YR 8.2
122,497615,6404678,NA,NA,2A2e,NA,28 - 57,28,57,42.5,8.3,95.1,4,1,1.7,0.17,0.007,24.3,6.11,4.45,13.4,1.5,0.12,0.4,0.1,0.3,0.1,2.5Y 6.3,2.5Y 7.2
122,497615,6404678,NA,NA,2B2,NA,57 - 82,57,82,69.5,13.6,91.3,6.7,2,1.6,0.1,0.006,16.7,6.38,4.69,11.2,1.4,0.04,0.1,0.1,0.7,0.1,2.5Y 5.4,2.5Y 7.3
123,497449,6404446,NA,NA,A,A,0 - 16,0,16,8,7,92.7,3,4.3,1.4,4.57,0.403,11.3,5.93,5.13,124.7,8.6,0.02,5.7,0.3,1.7,0.2,10YR 2.2,10YR 3.2
123,497449,6404446,NA,NA,A2,NA,16 - 32,16,32,24,4,93.6,2.6,3.8,1.5,2.34,0.17,13.8,5.39,4.55,53.1,4.1,0.12,2.5,0.1,0.5,0.2,10YR 3.1,10YR 3.3
123,497449,6404446,NA,NA,A2e,NA,32 - 58,32,58,45,15.3,93.8,2.4,3.8,1.5,0.29,0.03,9.7,6.44,4.93,14,2.1,0.02,0.8,0.001,0.7,0.1,10YR 3.6,10YR 5.6
123,497449,6404446,NA,NA,B1,NA,58 - 74,58,74,66,19.6,89.2,3.6,7.2,1.8,0.11,0.027,4.1,6.24,4.24,24.9,3.5,0.03,0.7,0.001,2,0.2,10YR 5.6,2.5Y 7.6
124,497715,6404024,NA,NA,1A1,A,0-14,0,14,7,0.05,90.9,3.5,5.5,1.3,2.17,0.149,14.6,4.91,4.28,113.6,3.5,0.13,2,0.4,0.3,0.2,10YR 2.2,10YR 3.4
124,497715,6404024,NA,NA,1B21,NA,14-28,14,28,21,0.05,90.5,3.3,6.2,1.6,0.51,0.044,11.6,5.73,4.48,13.8,2.2,0.05,1.4,0.2,0.2,0.001,7.5YR 3.4,10YR 4.4
124,497715,6404024,NA,NA,2B22,NA,28 - 53,28,53,40.5,0.05,91,3.6,5.4,1.6,0.33,0.036,9.2,5.79,4.75,14.4,2.8,0.03,1.8,0.2,0.4,0.1,7.5YR 4.6,10YR 4.6
124,497715,6404024,NA,NA,C,NA,53 - 65,53,65,59,0.05,93.9,3.1,3,NA,0.32,0.038,8.4,5.84,5.02,17.7,2.3,0.04,1.4,0.1,0.5,0.1,7.5YR 4.4,10YR 5.6
125,497401,6403840,NA,NA,A1,A,0-7.5,0,0.5,0.3,0.05,82.9,5.9,11.2,1.2,3.07,0.213,14.4,6.96,7.75,705.5,8.1,0.01,2.9,0.1,4.7,3.1,NA,10YR 3.3
125,497401,6403840,NA,NA,B1,NA,7.5-18,7,18,12.5,2.9,86.5,4.8,8.6,1.4,1.12,0.079,14.2,7.02,7.66,562,8.1,0.02,2.9,0.1,4.7,3,NA,10YR 3.4
125,497401,6403840,NA,NA,B21,NA,18-21,18,21,19.5,10.1,76.8,7.9,15.4,NA,0.47,0.049,9.6,7.87,8.47,334.6,6.3,0.01,1.8,0.1,3.8,1.8,NA,10YR 4.2
125,497401,6403840,NA,NA,B22,NA,21-65,21,65,43,0.05,72.6,8.9,18.5,1.8,0.42,0.049,8.6,8.27,8.54,578,23.7,0.001,4.7,0.3,15.5,5.6,NA,2.5YR 4.2
125,497401,6403840,NA,NA,R,NA,65+,65,99,82,0.05,0.05,0.05,0.05,NA,NA,NA,NA,NA,NA,NA,0.001,0.001,0.001,0.001,0.001,0.001,NA,NA
126,499448,6404565,NA,NA,AP,A,0-13,0,13,6.5,11,90,3.7,6.2,1.6,1.37,0.09,15.3,5.33,4.91,112,4.1,0.1,3.8,0.1,0.5,0.3,5Y 2.5.1,10YR 3.2
126,499448,6404565,NA,NA,AE,NA,13-24,13,24,18.5,10.5,89.1,4,6.8,1.6,0.71,0.04,17.7,5.66,4.76,39.5,1.9,0.1,0.8,0.001,0.6,0.1,2.5Y 4.2,10YR 4.2
126,499448,6404565,NA,NA,B1,NA,24-51,24,51,37.5,6.8,89.8,4.8,5.3,1.6,0.07,0.017,4,5.95,4.95,20.2,0.5,0.001,0.1,0.001,0.3,0.1,2.5Y 7.3,10YR 8.1
126,499448,6404565,NA,NA,B2 High,NA,51-76,51,76,63.5,12.8,86.3,6.1,7.6,1.8,0.05,0.016,2.9,5.9,5.03,36.3,0.8,0.001,0.1,0.001,0.4,0.1,10YR 7.6,2.5Y.7.3
126,499448,6404565,NA,NA,B2 Low,NA,76-90,76,90,83,19.8,84.2,7.6,8.1,1.7,0.05,0.019,2.8,6.04,5.16,18.6,1.4,0.001,0.2,0.1,0.9,0.1,10YR 6.6,2.5Y.7.4
127,498452,6404314,NA,NA,A1,A,0-16,0,16,8,5.7,64.8,12.9,22.3,1.3,2.69,0.21,12.8,6.09,5.3,380,8.9,0.1,4.8,0.2,3.7,1.4,2.5Y.2.5.1,2.5Y.2.5.1
127,498452,6404314,NA,NA,A2,NA,16-45,16,45,30.5,14.9,79.1,9.2,11.7,1.7,0.34,0.034,10.1,7.47,5.81,96.6,3.2,0.001,1.2,0.001,1.5,0.6,2.5Y.3.3,10YR 4.2
127,498452,6404314,NA,NA,B2,NA,45-110,45,10,27.5,2.5,13.1,7.1,79.8,1.6,0.29,0.047,6.2,7.13,6.33,533,18.2,0.1,4.8,0.1,11.2,3.2,2.5Y.3.3,2.5Y.4.4
128,499196,6404897,NA,NA,A1,A,0-11,0,11,5.5,12.3,72.5,18.3,9.2,1.5,1.98,0.139,14.2,6.66,5.29,92.4,7.9,0.001,2.4,0.2,4,0.9,2.5Y 5.2,2.5Y 2.5.1
128,499196,6404897,NA,NA,A2,NA,Nov-20,11,20,15.5,10.8,83.9,10.5,5.5,1.6,0.56,0.048,11.8,7.28,5.46,36.6,2.5,0.001,0.7,0.1,1.3,0.4,2.5Y 5.1,2.5Y 3.2
128,499196,6404897,NA,NA,B1,NA,20-44,20,44,32,10.2,82.3,11.6,6.1,1.6,0.37,0.037,10.1,7.14,5.54,59,2.5,0.001,0.6,0.001,1.3,0.6,2.5Y 5.2,2.5Y 3.2
128,499196,6404897,NA,NA,B2 upper,NA,44-54,44,54,49,22.3,84.5,12,3.5,1.7,0.08,0.021,4,7.31,6.06,44.1,1.5,0.001,0.2,0.001,0.8,0.3,2.5Y 7.2,2.5Y 6.3
128,499196,6404897,NA,NA,B2 lower,NA,54-76,54,76,65,22.6,75.4,13.3,11.3,1.6,0.1,0.014,6.8,7.01,5.95,87.9,1.7,0.001,0.2,0.001,0.9,0.4,2.5Y 8.3,10YR 6.6
129,498353,6405433,NA,NA,A1,A,0-13,0,13,6.5,18,80.5,11.2,8.3,1.3,1.99,0.087,23,5.08,4.59,2.2,2,0.3,0.2,0.001,1,0.9,10YR 3.3,10YR 5.3
129,498353,6405433,NA,NA,A1 dup 2,NA,13-26,13,26,19.5,20,75.1,13.2,11.7,1.4,NA,NA,NA,4.97,4.58,2.4,0.001,0.001,0.001,0.001,0.001,0.001,7.5YR 3.3,10YR 5.3
129,498353,6405433,NA,NA,B1,NA,26-51,26,51,38.5,15,69.9,19.5,10.6,1.7,0.53,0.022,24.4,5.29,4.79,2.4,1.9,0.1,0.001,0.001,1.8,1.5,10YR 4.5,10YR 6.4
129,498353,6405433,NA,NA,B2,NA,51-65,51,65,58,13,77.4,3.1,19.5,1.8,0.3,0.014,21.3,5.27,4.92,2.8,3.1,0.1,0.001,0.001,3.6,2.4,7.5YR 5.6,10YR 6.6
130,498389,6405747,NA,NA,AP1 (a),A,0-14,0,14,7,7.2,90.1,3.3,6.6,1.5,NA,NA,NA,6.07,4.92,129,4,0.1,1.8,0.6,0.8,0.3,2.5Y 3.1,2.5Y 4.5
130,498389,6405747,NA,NA,AP1 (b),NA,14-34,14,34,24,8.3,90.4,3.3,6.3,1.5,2.91,0.155,18.8,5.86,4.83,162.2,0.001,0.001,0.001,0.001,0.001,0.001,2.5Y 3.1,2.5Y 4.5
130,498389,6405747,NA,NA,B2,NA,34-52,34,52,43,11.1,78.9,8.3,12.8,1.6,0.19,0.014,13.8,5.8,4.58,74.9,1.3,0.1,0.3,0.2,0.3,0.1,2.5Y 7.3,2.5Y 8.3
131,498133,6404851,NA,NA,Ap,A,0-7,0,7,3.5,17.4,80.9,12.9,6.2,1.5,4.41,0.395,11.2,6.06,5.2,426.4,9.8,0.001,7.6,1.4,1.3,0.3,10YR 2.2,7.5YR 3.4
131,498133,6404851,NA,NA,A1,NA,Jul-14,7,14,10.5,14.6,84.5,8.8,6.7,1.5,1.87,0.156,12,5.43,4.65,349.5,5.7,0.001,3.5,1.2,0.8,0.2,7.5YR 2.5.3,10YR 3.4
131,498133,6404851,NA,NA,B1,NA,14-30,14,30,22,17.3,77,6.7,16.4,1.5,0.62,0.068,9.1,5.47,4.78,236.5,3.6,0.001,2.3,0.5,0.7,0.2,7.5YR 4.6,7.5YR 4.6
131,498133,6404851,NA,NA,B2,NA,30-54,30,54,42,30.3,51.8,5.8,42.4,1.7,0.44,0.051,8.5,5.58,4.91,160.3,5.6,0.001,3.1,0.6,1.4,0.2,7.5YR 4.6,7.5YR 5.6
131,498133,6404851,NA,NA,B22/C,NA,54-80+,54,99,76.5,33.3,45.1,12.9,42,1.7,0.24,0.033,7.3,5.91,5.42,140.1,7,0.1,3.5,0.2,2.6,0.3,7.5YR 5.8,7.5YR 5.8
132,499196,6405403,NA,NA,Ap,A,0-11,0,11,5.5,15.2,90.4,5.6,4,1.3,2.05,0.169,12.2,6.38,5.5,51.4,6.8,0.001,5.4,0.4,0.7,0.1,7.5YR 2.5.2,7.5YR 4.2 
132,499196,6405403,NA,NA,B1,NA,Nov-27,11,27,19,45.8,92.4,5.5,2,1.3,0.36,0.031,11.5,5.98,5.17,58.8,2.7,0.001,1.7,0.2,0.4,0.1,7.5YR 4.4,7.5YR 6.6 
132,499196,6405403,NA,NA,B2 (upper),NA,27-38,27,38,32.5,42.6,90.1,7.4,2.5,1.5,0.18,0.024,7.5,5.8,5.02,31.9,1.7,0.001,1.1,0.1,0.3,0.1,10YR 5.6,10YR 7.6
132,499196,6405403,NA,NA,B2 (lower),NA,38-49,38,49,43.5,41.7,87.5,8.6,3.9,1.5,0.2,0.026,7.7,5.82,5.05,42.4,2.1,0.001,1.5,0.1,0.4,0.1,10YR 5.6,10YR 6.8
132,499196,6405403,NA,NA,C,NA,49+,49,99,74,45.7,84.9,6.9,8.2,1.5,0.24,0.037,6.6,5.74,5.32,61.8,5.6,0.001,3.6,0.001,1.4,0.2,10YR 4.6,10YR 5.6
133,498345,6404849,NA,NA,A1,A,0-3,0,3,1.5,11.7,90.2,5.6,4.2,1.3,3.71,0.327,11.4,6.04,4.73,594.2,5.9,0.1,3.5,0.8,2.2,0.3,5YR 2.5.1,5YR 3.1
133,498345,6404849,NA,NA,A2,NA,3-Dec,3,12,7.5,10.7,89.6,6.3,4.1,1.7,1.09,0.072,15.1,5.93,4.45,159.9,2.6,0.2,1.2,0.2,1.3,0.2,5YR 2.5.1,5YR 4.2
133,498345,6404849,NA,NA,B1,NA,Dec-28,12,28,20,14.5,91.4,6.9,1.8,1.7,0.41,0.031,13.1,6.32,4.72,6.5,1.9,0.001,0.5,0.2,1,0.1,7.5 YR 3.2,7.5 YR 6.2
133,498345,6404849,NA,NA,B2,NA,28-45,28,45,36.5,33.9,91.2,6.3,2.5,1.7,0.35,0.032,10.7,6.72,5.13,58.7,1.8,0.001,0.4,0.1,1.3,0.1,7.5 YR 4.2,7.5 YR 6.2
134,498244,6404781,NA,NA,A,A,0-12,0,12,6,9.2,87.4,6.9,5.7,1.3,4.37,0.352,12.4,7.31,5.35,13.5,10.4,0.1,7.7,0.9,1.5,0.3,7.5YR 4.4,10YR 4.3
134,498244,6404781,NA,NA,B1,NA,18-33,18,33,25.5,19.2,95.2,2.3,2.5,1.6,0.4,0.039,10.4,6.85,5.1,36.7,3.3,0.001,2,0.6,0.4,0.1,7.5YR 3.3,10YR 5.6
134,498244,6404781,NA,NA,B2,NA,33-55,33,55,44,52.3,92.7,6.8,0.5,1.6,0.65,0.053,12.2,6.34,5.89,93.7,2.9,0.1,1.8,0.1,0.6,0.1,7.5YR 4.6,10YR 5.4
135,497501,6403509,NA,NA,A1 (1),A,0-15,0,15,7.5,8,90,5,5,1.5,2.03,0.176,11.53,6.61,5.79,129,4,0.001,4,0.1,0.7,0.2,2.5YR 2.5.1,10YR 4.2
135,497501,6403509,NA,NA,A2E (2),NA,15-37,15,37,26,14,89,7,5,1.7,0.275,0.036,7.64,6.46,4.97,34,0.9,0.1,0.6,0.1,0.4,0.1,10YR 4.3,10YR 7.3
135,497501,6403509,NA,NA,B21 (2),NA,37-67,37,67,52,6,48,6,46,1.7,0.283,0.047,6.02,5.54,4.1,64,7.9,0.9,1.4,0.1,4.6,0.5,10YR 5.4,10YR 6.4
135,497501,6403509,NA,NA,B22 (1),NA,>67,67,99,83,45,84,10,7,1.7,0.154,0.026,5.92,5.81,4.08,29,5.1,1.2,0.7,0.001,2.8,0.4,10YR 5.8,10 YR 8.4
136,496714,6403446,NA,NA,A1,A,0-21,0,21,10.5,12,89,6,5,1.5,2.29,0.18,12.72,7.25,6.4,154,7.8,0.001,7.9,0.2,0.9,0.1,2.5Y 2.5.1,2.5Y 3.3
136,496714,6403446,NA,NA,A2,NA,21-40,21,40,30.5,12,80,3,16,1.5,0.17,0.02,8.5,6.05,4.82,22,1,0.001,0.6,0.1,0.2,0.001,10YR 4.6,10YR 7.4
136,496714,6403446,NA,NA,"B1,1",NA,40-48,40,48,44,12,89,6,5,1.6,0.07,0.01,7,6.16,5.16,20,0.9,0.001,0.5,0.1,0.2,0.001,10YR 5.4,10YR 7.3
136,496714,6403446,NA,NA,"B1,2",NA,48-72,48,72,60,27,0.05,0.05,0.05,NA,0.18,0.03,6,6.54,5.41,17,0.6,0.001,0.5,0.5,0.2,0.1,10YR 5.6,10YR 7.4
136,496714,6403446,NA,NA,B2,NA,72-90,72,90,81,16,42,6,52,1.5,0.08,0.01,8,6.52,4.94,39,5.6,0.001,1.8,1.8,3.2,0.5,10YR 5.8,10YR 7.4
137,496891,6404413,NA,NA,A1,A,0-12,0,12,6,15,91,1,8,1.5,1.79,0.142,12.61,6.11,4.97,66,3.625,0.056,3.451,0.105,0.335,0.09,2.5Y 3.2,2.5YR 5.3
137,496891,6404413,NA,NA,"A2e, 1",NA,Dec-43,12,43,27.5,40,91,1,8,1.7,0.32,0.03,10.67,5.75,4.52,18,0.99,0.11,0.644,0.027,0.124,0.037,10YR 5.4,10YR 7.3
137,496891,6404413,NA,NA,B21,NA,43-63,43,63,53,8,75,6,20,1.7,0.155,0.023,6.74,5.42,4.43,18,1.189,0.096,0.431,0.025,0.493,0.051,2.5Y 6.6,2.5Y 8.4
137,496891,6404413,NA,NA,B22,NA,>63,63,99,81,5,42,6,52,NA,0.232,0.039,5.95,5.3,4.63,32,3.414,0.077,0.643,0.037,2.549,0.156,10YR 6.8,10YR 7.6
138,497591,6404091,NA,NA,Ap,A,0-14,0,14,7,5,86,6,9,1.4,1.74,0.163,10.67,5.72,4.95,98,4.1,0.1,3.5,0.1,0.8,0.1,7.5YR 2.5.1,7.5YR 3.4
138,497591,6404091,NA,NA,A2,NA,14-24.5,14,0.5,7.3,9,87,5,8,1.6,0.676,0.052,13,5.19,4.18,29,1.4,0.2,1.2,0.1,0.3,0.001,10YR 3.4,10YR 5.4
139,497591,6404091,NA,NA,B1,NA,24.5-34,24,34,29,11,79,6,15,1.6,0.35,0.038,9.21,5.47,4.25,15,2.3,0.1,1.5,0.001,0.5,0.001,10YR 4.6,10YR 5.4
139,497591,6404091,NA,NA,B2,NA,34- 44,34,44,39,17,54,8,38,1.4,0.468,0.061,7.67,5.68,4.67,24,3.6,0.001,2.6,0.001,1,0.1,7.5YR 4.6,7.5YR 5.6
140,497847,6404651,NA,NA,A1,A,0-12,0,12,6,14,81,10,9,1.5,2.26,0.202,11.19,5.85,4.76,69,6.5,0.001,5,0.4,0.8,0.1,7.5YR 2.5.3,7.5YR 4.4
140,497847,6404651,NA,NA,B1 (sample 1),NA,Dec-20,12,20,16,14,78,13,9,1.5,0.311,0.043,7.23,5.8,4.34,13,2.5,0.001,1.7,0.1,0.4,0.1,2.5YR 3.6,5YR 5.6
140,497847,6404651,NA,NA,B1 (sample 2),NA,20-28,20,28,24,23,0.05,0.05,0.05,1.5,0.555,0.063,8.81,5.7,4.35,17,2.8,0.001,1.9,0.2,0.4,0.1,2.5YR 3.6,5YR 5.6
140,497847,6404651,NA,NA,C (Sample 1),NA,28-35,28,35,31.5,45,75,9,16,1.5,0.217,0.035,6.2,5.3,4.33,21,2.2,0.1,1.5,0.1,0.4,0.001,2.5YR 4.6,7.5YR 5.8
140,497847,6404651,NA,NA,C (Sample 2),NA,35-50,35,50,42.5,60,0.05,0.05,0.05,1.5,0.214,0.03,7.13,5.48,4.33,14,2.2,0.1,1.4,0.1,0.4,0.001,2.5YR 4.6,5YR 5.8
141,497310,6404609,NA,NA,O & A1,A,0-7,0,7,3.5,39,89,6,5,1.2,3.83,0.201,19.05,5.27,4.6,55,5.65,0.225,4.006,0.511,1.049,0.314,10YR 2.2,10YR 3.4
141,497310,6404609,NA,NA,B1,NA,Jul-26,7,26,16.5,45,84,4,13,1.8,0.67,0.043,15.58,5.89,4.52,22,2.14,0.119,0.684,0.333,0.601,0.206,10YR 4.4,2.5Y 5.4
141,497310,6404609,NA,NA,B2 Upper,NA,26-45,26,45,35.5,40,87,8,5,1.6,0.41,0.032,12.81,5.96,4.37,22,1.81,0.052,0.76,0.342,0.485,0.269,2.5Y 4.3,2.5Y 6.4
141,497310,6404609,NA,NA,B2 Lower,NA,45-54,45,54,49.5,37,0.05,0.05,0.05,NA,0.22,0.027,8.15,6,4.44,19,2.27,0.033,0.797,0.352,0.466,0.335,2.5Y 4.4,2.5Y 5.4
141,497310,6404609,NA,NA,C,NA,54-67,54,67,60.5,39,83,14,4,1.6,0.25,0.03,8.33,6.15,4.45,18,2.47,0.01,1.138,0.356,0.528,0.372,2.5Y 4.4,2.5Y 5.4
142,497823,6403738,NA,NA,"A1,1",A,0-15,0,15,7.5,3,80,6,14,1.3,3.42,0.282,12.13,7.04,6.07,294,12.7,0.001,5.2,0.1,6.6,1.8,10YR 2.2,10YR 4.2
142,497823,6403738,NA,NA,"A1,2",NA,15-25,15,25,20,1,84,6,10,1.3,1.66,0.138,12.03,7.63,6.12,169,8.8,0.001,3.5,0.001,4.4,1.4,10YR 2.2,10YR 4.3
142,497823,6403738,NA,NA,B2 (sample 1),NA,25+,25,99,62,13,95,3,3,1.7,0.323,0.025,12.92,7.63,5.98,72,2.1,0.001,0.8,0.001,1.3,0.4,2.5Y 3.3,10YR 6.4
143,497129,6404596,NA,NA,A1,A,0-12.5,0,0.5,0.3,22,67,18,15,1.2,2.64,0.214,12.34,5.55,4.76,66,11.17,0.04,6.67,1.05,2.12,0.12,5YR 3.4,5YR 4.6
143,497129,6404596,NA,NA,B21,NA,12.5-26.5,12,0.5,6.3,40,55,16,29,1.6,0.729,0.08,9.11,6.42,5.23,16,16.23,0.01,9,0.29,3.36,0.001,5YR 3.3,2.5YR 3.6
143,497129,6404596,NA,NA,B22,NA,26.5-53.5,26,0.5,13.3,59,37,14,50,1.4,0.586,0.072,8.14,6.89,5.61,17,22.24,0.04,13.17,0.17,5.52,0.001,2.5YR 3.6,10R 3.4
143,497129,6404596,NA,NA,C,NA,53.5-81+,53,81,67,38,61,23,16,1.2,0.197,0.037,5.32,7.04,5.99,19,30.78,0.001,20.79,0.03,9.19,0.12,2.5YR 3.6,5YR 4.6
