"Profile","Landform","subLandform","Easting","Northing","Latitude","Longitude","Horizon","Horiz.simp","Depth.range","Depth.upper","Depth.lower","Depth.mean","Gravel.pct","Sand.pct","Silt.pct","Clay.pct","Bulk.density","C.pct","N.pct","C.N.ratio","pH.H2O","pH.CaCl2","EC","CEC","Al_ex","Ca_ex","K_ex","Mg_ex","Na_ex","LF5","Depth.cat"
1,"Upper_slope",NA,498504,6406727,116.984079,-32.4766694,"A1","A","0-15",0,15,7.5,11.07738605,88,8,4,"1.516587031",2.092697382,0.10010273,20.90549758,5.65,4.9,53.8,3.5,0.01,2.62,0.11,0.65,0.12,"US",5
1,"Upper_slope",NA,498504,6406727,116.984079,-32.4766694,"B1","B","15-35",15,35,25,12.32239767,82,12,6,"1.64334471",0.411797643,0.02137633,19.26418777,6.18,4.85,21.54,1.33,0.03,0.85,0.08,0.39,0.05,"US",25
1,"Upper_slope",NA,498504,6406727,116.984079,-32.4766694,"B2","B2","35-50",35,50,42.5,13.40173218,78,7.25,14.75,"1.905324232",0.185032725,0.012641088,14.63740493,5.92,4.88,39.1,1.02,0.09,0.41,0.03,0.39,0.06,"US",50
1,"Upper_slope",NA,498504,6406727,116.984079,-32.4766694,"B3","B3","50-80",50,80,65,8.216014078,54.75,22,23.25,"1.55894198",0.176911265,0.008994838,19.66808744,6.47,5.38,48,3.19,0.03,0.51,0.01,1.44,0.19,"US",70
2,"Upper_slope",NA,498440,6406561,116.983398,-32.4781668,"A1","A","0-15",0,15,7.5,14.87414336,84.25,14,1.75,"1.661918089",1.231281877,0.062315032,19.75898654,6.26,5.06,74.2,3.98,0.02,1.63,0.13,1.55,0.65,"US",5
2,"Upper_slope",NA,498440,6406561,116.983398,-32.4781668,"B1","B","15-25",15,25,20,15.90049751,89.25,5.5,5.25,"1.604795222",0.189783469,0.013518363,14.03893841,6.5,5.06,15.95,1.43,0.01,0.43,0.04,0.76,0.18,"US",25
2,"Upper_slope",NA,498440,6406561,116.983398,-32.4781668,"B2","B2","25-45",25,45,35,17.05659579,87,5.5,7.5,"1.732245734",0.077151187,0.009890543,7.800500382,7.52,5.44,21.07,0.99,0.04,0.16,0.02,0.6,0.23,"US",35
2,"Upper_slope",NA,498440,6406561,116.983398,-32.4781668,"B3","B3","45-60",45,60,52.5,12.92724908,84.5,5.5,10,"1.637433447",0.067850098,0.008099791,8.376771801,7.2,5.47,25.4,1.77,0.09,0.17,0.04,1.01,0.27,"US",50
3,"Valley_floor","Lower_slope",499026,6406415,116.989634,-32.4794845,"A1","A","0-20",0,20,10,NA,78.5,9.25,12.25,"1.059129693",2.576127291,0.181038618,14.22971142,6.2,4.84,101.4,9.42,0.01,5.26,1,2.37,0.5,"VF",15
3,"Valley_floor","Lower_slope",499026,6406415,116.989634,-32.4794845,"B1","B","20-30",20,30,25,NA,73,7.25,19.75,"1.41116041",1.074047804,0.077683605,13.82592634,6.14,5.14,31.2,11.09,0.01,7.54,0.1,2.86,0.36,"VF",25
3,"Valley_floor","Lower_slope",499026,6406415,116.989634,-32.4794845,"B2","B2","30-50",30,50,40,NA,80,5.25,14.75,NA,0.646260917,0.04289066,15.06763734,6.7,5.39,25.09,10.13,0.005,6.71,0.09,2.48,0.26,"VF",50
4,"Valley_floor","Lower_slope",498987,6406365,116.989219,-32.4799356,"Ap","A","0-27.5",0,27.5,13.75,NA,84.25,8.5,7.25,"1.487337884",6.764747143,0.255409151,26.48592311,5.6,4.71,251.8,7.15,0.02,3.42,0.11,2.98,1.03,"VF",15
4,"Valley_floor","Lower_slope",498987,6406365,116.989219,-32.4799356,"E","A2","23-50",23,50,36.5,NA,82.75,9.75,7.5,"1.722713311",0.104823127,0.010339201,10.13841621,6.5,5.2,61,1.59,0.01,0.31,0.01,0.97,0.35,"VF",35
4,"Valley_floor","Lower_slope",498987,6406365,116.989219,-32.4799356,"B1","B","50-85",50,85,67.5,NA,65,16,19,"1.835955631",0.081585877,0.010882614,7.496900588,6.75,5.52,92.4,5.23,0.09,0.74,0.03,3.47,0.76,"VF",70
5,"Residual",NA,498600,6406830,116.985101,-32.4757403,"A1","A","0-20",0,20,10,NA,80,7.75,12.25,"1.083890785",12.99647141,0.440980345,29.47177023,5.05,4.35,445,3.74,0.15,0.94,0.29,2.15,1.71,"RE",15
5,"Residual",NA,498600,6406830,116.985101,-32.4757403,"B1","B","20-50",20,50,35,NA,65,19.25,15.75,"1.160870307",1.7716645,0.064663626,27.39816189,4.72,4.51,950,1.94,0.09,0.02,0.19,1.71,1.36,"RE",35
5,"Residual",NA,498600,6406830,116.985101,-32.4757403,"B2","B2","50-80",50,80,65,NA,57.5,33.25,9.25,"1.56",0.443721116,0.0165534,26.80543655,5.01,4.42,507,2.35,0.17,0.03,0.17,2.43,2.36,"RE",70
6,"Upper_slope","Mid_slope",499879,6406404,116.998712,-32.4795842,"Ap","A","2-Mar",2,3,2.5,3.55,75,12.5,12.5,"1.013",5.426131725,0.283227533,19.15820706,5.3,4.5,78.4,4.58,0.05,2.89,0.15,0.96,0.58,"US",5
6,"Upper_slope","Mid_slope",499879,6406404,116.998712,-32.4795842,"E","A2","Mar-15",3,15,9,6.73,72.5,15,12.5,"1.161",4.312125206,0.169338629,25.46451002,5.73,4.4,43.5,3.73,0.03,1.8,0.32,0.61,0.22,"US",5
6,"Upper_slope","Mid_slope",499879,6406404,116.998712,-32.4795842,"B","B","15-30",15,30,22.5,34.53,75,17.5,7.5,"1.675",0.756427407,0.032729313,23.11161901,6.49,4.96,27.1,3.17,0.02,1.26,0.02,1.32,0.34,"US",25
7,"Residual",NA,499705.064,6406558.051,116.996861,-32.478194,"O",NA,"0-5",0,5,2.5,2.4,87.5,10,2.5,"1.369",6.435494423,0.139949873,45.98428195,5.85,4.19,20.71,2.39,0.1,0.95,0.18,0.53,0.43,"RE",5
7,"Residual",NA,499705.064,6406558.051,116.996861,-32.478194,"A","A","5-Dec",5,12,8.5,4.03,92.5,7.5,0.1,"1.47",3.411870003,0.079449013,42.94414593,5.87,4.37,24.4,2.06,0.07,0.79,0.18,0.55,0.36,"RE",5
7,"Residual",NA,499705.064,6406558.051,116.996861,-32.478194,"B","B","Dec-24",12,24,18,18.42,97.5,0.1,2.5,NA,1.110713005,0.028043617,39.60662501,5.99,4.39,32.2,1.36,0.05,0.24,0.09,0.5,0.24,"RE",15
8,"Residual",NA,499313.553,6406613.457,116.992695,-32.4776941,"A","A","0-15",0,15,7.5,24.6,90,5,5,"1.296",3.955463886,0.12669228,31.22103321,5.5,4.23,17.7,1.47,0.17,0.28,0.13,0.32,0.16,"RE",5
8,"Residual",NA,499313.553,6406613.457,116.992695,-32.4776941,"B1","B","15-40",15,40,27.5,45.85,85,10,5,NA,0.751956105,0.032770954,22.9458106,5.9,4.22,10.95,0.98,0.24,0.06,0.04,0.14,0.07,"RE",25
8,"Residual",NA,499313.553,6406613.457,116.992695,-32.4776941,"B2","B2","40-80",40,80,60,1.08,92.5,2.5,5,NA,0.174860716,0.006657177,26.2664978,5.4,4.24,9.27,0.92,0.07,0.005,0.02,0.14,0.04,"RE",70
9,"Residual",NA,499579.785,6406484.146,116.995528,-32.4788615,"A","A","0-20",0,20,10,37.54,72.5,10,17.5,"0.989",18.11121941,0.490362495,36.93434874,5.85,4.4,31.1,6.53,0.24,2.41,0.45,2.07,0.77,"RE",15
9,"Residual",NA,499579.785,6406484.146,116.995528,-32.4788615,"B","B","20-40",20,40,30,56.35,70,5,25,NA,4.793487072,0.152123228,31.51055328,5.82,4.73,154.6,5.47,0.08,0.6,0.18,3.24,1.57,"RE",35
10,"Lower_slope",NA,500015,6405982,117.00016,-32.4833911,"Ap","A","0-10",0,10,5,17,83.13,7.25,9.63,"1.405",2.415568352,0.118163295,20.44262857,5.13,4.71,157.7,4.84,0.02,3.88,0.2,0.64,0.29,"LS",5
10,"Lower_slope",NA,500015,6405982,117.00016,-32.4833911,"B","B","Oct-20",10,20,15,42,80.07,9.45,10.48,"1.651",0.588655055,0.040257603,14.62220827,5.83,4.92,63.7,3.64,0.01,2.41,0.09,0.43,0.15,"LS",15
10,"Lower_slope",NA,500015,6405982,117.00016,-32.4833911,"B2","B2","20-60",20,60,40,18,77.82,14.17,8.01,NA,0.455825359,0.036420684,12.51556272,6.12,4.95,59.1,4.36,0.04,2.75,0.04,0.98,0.18,"LS",50
11,"Valley_floor",NA,499989,6406157,116.999883,-32.4818124,"Ap","A","0-15",0,15,7.5,13,86.62,5.13,8.25,"1.596",1.436036706,0.092564762,15.51385949,5.27,4.09,30.9,4.18,0.04,2.44,0.21,0.74,0.37,"VF",5
11,"Valley_floor",NA,499989,6406157,116.999883,-32.4818124,"E","A2","15-30",15,30,22.5,16,87.14,8.53,4.33,"1.701",0.149901256,0.010919637,13.72767752,5.37,4.45,92.3,1.26,0.02,0.4,0.03,0.2,0.08,"VF",25
11,"Valley_floor",NA,499989,6406157,116.999883,-32.4818124,"B1","B","30-60",30,60,45,26,92.55,4.03,3.42,"1.711",0.071658701,0.005992797,11.95747225,4.89,4.72,227.2,0.98,0.01,0.36,0.02,0.22,0.09,"VF",50
11,"Valley_floor",NA,499989,6406157,116.999883,-32.4818124,"B2","B2","60-100",60,100,80,11,90.54,3.3,6.3,"1.794",NA,NA,NA,5.4,5.02,159.3,1.14,0.01,0.43,0.02,0.37,0.16,"VF",90
12,"Mid-slope",NA,499969,6407026,116.99967,-32.4739731,"Ap","A","0-25",0,25,12.5,31,81.5,8.63,9.82,"1.305",3.962929249,0.26072675,15.19954991,5.43,4.79,87.1,5.02,0.03,3.54,0.39,0.69,0.17,"MS",15
12,"Mid-slope",NA,499969,6407026,116.99967,-32.4739731,"E","A2","25-30",25,30,27.5,37,84.79,12.83,2.38,NA,2.072476387,0.085857734,24.13849386,5.42,4.37,38,3,0.05,1.9,0.19,0.36,0.07,"MS",25
12,"Mid-slope",NA,499969,6407026,116.99967,-32.4739731,"B1","B","30-100",30,100,65,36,80.43,9.94,9.63,NA,1.230622172,0.043526907,28.27267708,6.07,5.25,23.43,3.77,0.02,2.43,0.04,0.62,0.07,"MS",70
13,"Upper_slope",NA,499814,6406782,116.998021,-32.4761742,"Ap","A","0-10",0,10,5,5,68.86,17.46,13.68,"1.078",4.585476398,0.263147116,17.42552407,6.45,5.68,121.8,6.25,0.04,4.15,0.47,1.1,0.33,"US",5
13,"Upper_slope",NA,499814,6406782,116.998021,-32.4761742,"B1","B","Oct-30",10,30,20,13,73,17,10,"1.066",1.610995293,0.106433965,15.13610142,6,6.44,85.4,8.37,0.01,5.14,0.07,2.27,0.63,"US",25
13,"Upper_slope",NA,499814,6406782,116.998021,-32.4761742,"B2","B2","30-60",30,60,45,10,66.2,13.3,20.5,"1.398",0.686915934,0.034061641,20.16684822,6.1,5.65,97.5,7.15,0.01,3.35,0.02,2.73,0.86,"US",50
13,"Upper_slope",NA,499814,6406782,116.998021,-32.4761742,"B3","B3","60-100",60,100,80,10,76.97,9,14.03,"1.559",0.372828901,0.020038154,18.60595049,6.84,5.72,86.4,5.21,0.01,2.23,0.01,2,0.58,"US",90
14,"Mid-slope","Upper_slope",498263,6404666,116.98151,-32.4952615,"Ap","A","0-10",0,10,5,22.35084712,84.97,6.44,8.59,"1.27575",2.37,0.21,11.28571429,5.55,4.33,NA,5.13,0.02,3.92,0.59,0.6,0.1,"MS",5
14,"Mid-slope","Upper_slope",498263,6404666,116.98151,-32.4952615,"B","B","Oct-35",10,35,22.5,53.34778561,85.59,8.74,5.66,"1.428163",0.44,0.05,8.8,6.56,4.62,NA,2.76,0.6,1.96,0.27,0.43,0.13,"MS",25
14,"Mid-slope","Upper_slope",498263,6404666,116.98151,-32.4952615,"C","C","35-70",35,70,52.5,44.7112097,86.14,11.7,2.15,"1.515402",0.1,0.02,5,7.01,5.07,NA,1.71,0.02,0.99,0.1,0.52,0.56,"MS",50
15,"Mid-slope",NA,498715,6404659,116.986322,-32.4953253,"Ap","A","0-15",0,15,7.5,35,78.58,12,9.66,"1.142752",0.33,0.04,8.25,6.17,5.97,NA,2.04,0.005,0.79,0.04,1.16,0.27,"MS",5
15,"Mid-slope",NA,498715,6404659,116.986322,-32.4953253,"E","A2","15-55",15,55,35,32,79.83,10,10.16,"1.185147",1.31,0.09,14.55555556,6.4,5.57,NA,3.54,0.15,1.49,0.01,1.94,0.13,"MS",35
15,"Mid-slope",NA,498715,6404659,116.986322,-32.4953253,"B","B","55-60",55,60,57.5,8,73.33,3,23.66,"1.144179",0.36,0.04,9,6.51,5.74,NA,3.76,0.03,3.63,0.05,0.67,0.13,"MS",50
16,"Mid-slope",NA,498400,6404356,116.982968,-32.4980583,"Ap","A","0-20",0,20,10,31.02533493,79.88561458,6.785575805,13.32880962,"1.26",2.4,0.2,12,6.2,5.8,NA,13.55,0.01,4.28,0.24,8.04,1.45,"MS",15
16,"Mid-slope",NA,498400,6404356,116.982968,-32.4980583,"E","A2","20-35",20,35,27.5,55.82104728,78.84595779,18.08937779,3.064664419,"2.28",0.34,0.04,8.5,6.35,5.8,NA,2.29,0.005,1.01,0.06,1.46,0.35,"MS",25
16,"Mid-slope",NA,498400,6404356,116.982968,-32.4980583,"B1","B","35-54",35,54,44.5,59.87556904,79.37833216,14.08309023,6.538577608,"2.15",0.16,0.02,8,6.7,5.8,NA,2.01,0.005,0.81,0.03,1.35,0.28,"MS",50
16,"Mid-slope",NA,498400,6404356,116.982968,-32.4980583,"B2","B2","54-95",54,95,74.5,15.08090046,23.04492512,15.93475223,61.02032265,"2.29",0.18,0.03,6,6.3,5.9,NA,14.13,0.005,4.23,0.1,8.32,1.49,"MS",70
16,"Mid-slope",NA,498400,6404356,116.982968,-32.4980583,"B3","B3","95-105",95,105,100,49.60699746,45.80083072,11.73146508,42.4677042,"2.49",0.11,0.02,5.5,6.3,6.05,NA,8.24,0.02,4.21,0.27,3.39,0.5,"MS",100
17,"Sub_valley_floor",NA,499131,6404068,116.990749,-32.5006572,"Ap","A","0-10",0,10,5,0.1441,72.41666683,10.74999992,16.83333325,"1.054",4.38,0.33,13.27272727,5.4,5.3,NA,7.56,0.07,4.04,0.06,2.21,1.43,"VF",5
17,"Sub_valley_floor",NA,499131,6404068,116.990749,-32.5006572,"A","A","Oct-26",10,26,18,0.218,79.41666675,9.25,11.33333325,"1.368",0.42,0.02,21,6.48,5.7,NA,2.66,0.02,0.8,0.02,1.01,0.52,"VF",15
17,"Sub_valley_floor",NA,499131,6404068,116.990749,-32.5006572,"E","A2","26-30",26,30,28,0.27,62.91666675,13,24.08333325,NA,0.24,0.03,8,6.2,5.8,NA,3.28,0.02,0.59,0.02,1.4,0.39,"VF",25
17,"Sub_valley_floor",NA,499131,6404068,116.990749,-32.5006572,"B","B","30-50",30,50,40,0.15,42.91666675,9.75,47.33333325,"1.502",0.3,0.04,7.5,5.93,5.6,NA,9.5,0.01,2.31,0.06,5.81,1.41,"VF",50
18,"Sub_valley_floor",NA,498771,6403716,116.986917,-32.5038323,"Ap","A","0-14",0,14,7,6.373517787,61.91666675,17.25,20.83333325,"1.261",1.32,0.11,12,6.81,5.02,NA,3.94,0.14,2.4,0.03,0.35,0.23,"VF",5
18,"Sub_valley_floor",NA,498771,6403716,116.986917,-32.5038323,"A","A","14-22",14,22,18,12.60162602,61.41666675,18.25,20.33333325,NA,0.23,0.03,7.666666667,6.15,4.39,NA,2.05,0.32,0.79,0.03,0.21,0.07,"VF",15
18,"Sub_valley_floor",NA,498771,6403716,116.986917,-32.5038323,"E","A2","22-30",22,30,26,24.14829659,72.4,3.3,24.58333325,NA,0.08,0.02,4,6.05,4.33,NA,0.91,0.06,0.27,0.01,0.21,0.05,"VF",25
18,"Sub_valley_floor",NA,498771,6403716,116.986917,-32.5038323,"B","B","30-67",30,67,48.5,38.57785043,15.9,35.5,48.6,"1.552",0.19,0.03,6.333333333,5.85,4.29,NA,9.9,0.14,2.25,0.06,5.28,1.84,"VF",50
18,"Sub_valley_floor",NA,498771,6403716,116.986917,-32.5038323,"C","C","67-74",67,74,70.5,67.64705882,57.41666675,11.25,31.33333325,NA,0.16,0.03,5.333333333,6.1,4.1,NA,14.35,0.18,2.4,0.05,8.12,3.55,"VF",70
19,"Lower_slope",NA,499159,6403611,116.991047,-32.5047798,"Ap","A","0-8",0,8,4,2.997404893,91.04095563,2.509536238,6.449508131,"1.232643806",2.05,0.16,12.8125,6,5.75,NA,7.49,0.04,5.71,0.5,0.71,0.25,"LS",5
19,"Lower_slope",NA,499159,6403611,116.991047,-32.5047798,"A","A","Aug-25",8,25,16.5,5.09690064,84.92728742,8.331650172,6.741062412,"1.181907905",0.65,0.04,16.25,6.3,5.2,NA,5.67,0.02,3.89,0.5,0.64,0.03,"LS",15
19,"Lower_slope",NA,499159,6403611,116.991047,-32.5047798,"B1","B","25-55",25,55,40,4.677866524,53.22418136,8.564231738,38.2115869,"1.594812528",0.28,0.03,9.333333333,7.3,5.2,NA,3.87,0.02,2.83,0.07,0.44,0.03,"LS",50
19,"Lower_slope",NA,499159,6403611,116.991047,-32.5047798,"B2","B2","55-72",55,72,63.5,4.28417517,84.42112168,1.291407019,14.2874713,"1.438183854",0.24,0.03,8,7.1,5.53,NA,7.16,0.01,4.64,0.07,1.86,0.14,"LS",70
19,"Lower_slope",NA,499159,6403611,116.991047,-32.5047798,"B3","B3","72-80",72,80,76,0.114468864,66.22741588,1.926902039,31.84568208,"1.58797055",2.78,0.21,13.23809524,6.03,5.88,NA,14.11,0.01,8.59,0.06,5.11,0.36,"LS",70
20,"Lower_slope",NA,498296,6404061,116.98186,-32.5007194,"Ap","A","0-10",0,10,5,35.73050719,87.44695898,7.829864619,4.723176399,"1.532111937",2.78,0.21,13.23809524,5.8,5,63,8.25,0.01,5.84,0.42,0.65,0.08,"LS",5
20,"Lower_slope",NA,498296,6404061,116.98186,-32.5007194,"A","A","Oct-27",10,27,18.5,52.28963938,91.40130639,4.082465809,4.516227802,"1.735160803",3.97,0.11,36.09090909,6.5,5.09,509,7.72,0.01,6.29,0.45,0.7,0.09,"LS",15
20,"Lower_slope",NA,498296,6404061,116.98186,-32.5007194,"E","A2","27-60",27,60,43.5,44.91071429,94.81757877,2.342454395,2.839966833,"1.740739647",0.83,0.04,20.75,6.65,5.44,115,7.1,0.01,5.37,0.25,0.78,0.16,"LS",50
21,"Residual",NA,499746,6406602,116.997297,-32.477798,"A","A","Feb-14",2,14,8,11.68575948,89.253,7.248,3.499,"1.389206476",1.94,0.05,38.8,5.58,4.68,46,4.07,0.06,2.54,0.24,1.24,0.22,"RE",5
21,"Residual",NA,499746,6406602,116.997297,-32.477798,"B","B","14-42",14,42,28,4.866312813,75,25,0.1,"1.506935838",1.2,0.05,24,5,4.7,25.7,2.13,0.09,1.07,0.1,0.95,0.2,"RE",25
21,"Residual",NA,499746,6406602,116.997297,-32.477798,"C","C","42-80",42,80,61,77.68030768,98,0.1,2,"1.913212073",6.69,0.2,33.45,5.42,4.38,46.6,1.3,0.06,0.66,0.12,0.89,0.24,"RE",70
22,"Residual","Upper_slope",499399,6406493,116.993604,-32.478781,"A","A","0-6",0,6,3,18.16130052,65.704,17.272,17.025,"0.8216",7.42,0.24,30.91666667,3.78,3.83,4600,2.96,1.16,0.5,0.11,5.41,16.69,"RE",5
22,"Residual","Upper_slope",499399,6406493,116.993604,-32.478781,"B1","B","Dec-21",12,21,16.5,6.606068953,47.88,14.963,37.157,"0.989",2.57,0.05,51.4,4.04,4,3440,2.89,2.15,0.07,0.04,3.08,14.86,"RE",15
22,"Residual","Upper_slope",499399,6406493,116.993604,-32.478781,"B2","B2","28-40",28,40,34,4.061313328,40.595,12.428,46.976,"1.3197",0.63,0.02,31.5,4.01,3.8,2090,2.86,1.92,0.005,0.02,1.67,7.45,"RE",35
23,"Residual","Upper_slope",499753,6406606,116.997371,-32.4777619,"A","A","0.2-20",0.2,20,10.1,8.191060904,39.42,15.89,44.69,"1.305496702",3.41,0.1,34.1,4.21,3.91,1188,3.53,0.48,0.19,0.06,0.95,7.42,"RE",15
23,"Residual","Upper_slope",499753,6406606,116.997371,-32.4777619,"B1","B","20-40",20,40,30,60.52341898,45.83,34.036,20.134,"1.673915651",0.53,0.02,26.5,5.16,4.2,1427,3.61,1.29,0.05,0.03,0.8,4.61,"RE",35
23,"Residual","Upper_slope",499753,6406606,116.997371,-32.4777619,"B2","B2","40-80",40,80,60,27.84895939,64.43,17.043,18.525,"1.77913252",0.61,0.02,30.5,3.92,3.65,1294,2.74,0.98,0.06,0.08,0.74,5.71,"RE",70
24,"Residual","Upper_slope",499710,6406793,116.996914,-32.476075,"A","A","0-15",0,15,7.5,14.5906592,71.25,13,15.75,"1.0909",5.18,0.17,30.47058824,4.95,4.5,1090,3.91,0.06,0.48,0.13,3.4,9.97,"RE",5
24,"Residual","Upper_slope",499710,6406793,116.996914,-32.476075,"B1","B","15-21",15,21,18,37.83409933,51,22,27,"1.1289",2.8,0.11,25.45454545,5.15,4.82,1900,3.97,0.07,0.11,0.11,3.37,6.53,"RE",15
24,"Residual","Upper_slope",499710,6406793,116.996914,-32.476075,"B2","B2","21-45",21,45,33,27.78469973,67.75,16.75,15.5,"1.4954",2.01,0.09,22.33333333,4.77,4.4,2596,4.08,0.09,0.005,0.07,3.65,6.46,"RE",35
24,"Residual","Upper_slope",499710,6406793,116.996914,-32.476075,"C","C","45-80",45,80,62.5,57.67560423,76,16,8,"1.649",0.76,0.03,25.33333333,5.11,4.55,1705,5.36,0.13,0.005,0.12,3.93,7.55,"RE",70
25,"Sub_valley_floor","Valley_floor",499936,6406181,116.999319,-32.4815959,"A","A","0-14",0,14,7,11.42,70.5,18.25,11.25,"1.220025361",1.65,0.09,18.33333333,5.77,5.73,546,5.33,0.06,3.5,0.05,1.25,0.58,"VF",5
25,"Sub_valley_floor","Valley_floor",499936,6406181,116.999319,-32.4815959,"B1","B","14-24",14,24,19,23.37,93.24,8.5,1.74,"1.17356837",0.21,0.02,10.5,6.04,5.69,461,2.28,0.1,1.15,0.01,0.88,0.33,"VF",15
25,"Sub_valley_floor","Valley_floor",499936,6406181,116.999319,-32.4815959,"B2","B2","24-75",24,75,49.5,27.74,64.283,23.392,12.325,"1.174668291",0.24,0.02,12,6.15,5.6,512,2.75,0.11,1.02,0.03,1.36,0.43,"VF",50
26,"Sub_valley_floor","Valley_floor",499949,6406143,116.999457,-32.4819387,"A","A","0-16",0,16,8,14.88,92.24,13.76,6,"1.192032629",1.03,0.06,17.16666667,5.44,5.06,755,3.46,0.12,2.34,0.08,0.95,0.18,"VF",5
26,"Sub_valley_floor","Valley_floor",499949,6406143,116.999457,-32.4819387,"B1","B","16-46",16,46,31,24.5,87.45,7.38,5.17,"1.139679608",0.26,0.02,13,5.87,5.11,527,1.39,0.03,0.8,0.06,0.67,0.14,"VF",35
26,"Sub_valley_floor","Valley_floor",499949,6406143,116.999457,-32.4819387,"B2","B2","46-75",46,75,60.5,31.81,NA,NA,NA,"1.258135232",0.23,0.04,5.75,6.57,5.19,413,13.94,0.02,3.82,0.12,8.74,1.94,"VF",70
27,"Mid-slope",NA,498987,6406804,116.989219,-32.4759753,"A","A","0-11",0,11,5.5,0.1,59.75,18.5,11.75,"1.401",2.76,0.19,14.52631579,6.94,5.08,595,8.38,0.04,5.82,0.74,1.27,0.29,"MS",5
27,"Mid-slope",NA,498987,6406804,116.989219,-32.4759753,"B1","B","Nov-31",11,31,21,0.02,109.76,2.5,12.26,"1.599",0.73,0.06,12.16666667,6,5.02,84.9,6.78,0.03,4.39,0.27,0.97,0.09,"MS",25
27,"Mid-slope",NA,498987,6406804,116.989219,-32.4759753,"B2","B2","31-58",31,58,44.5,0.05,NA,NA,NA,"1.676",0.32,0.04,8,6.41,5.5,92.1,8.43,0.01,5.5,0.24,2.42,0.21,"MS",50
27,"Mid-slope",NA,498987,6406804,116.989219,-32.4759753,"B3","B3","58-100",58,100,79,0.09,83.25,1,15.75,"1.384",0.35,0.03,11.66666667,6.69,5.79,170.9,10.07,0.03,6.05,0.27,3.04,0.3,"MS",70
28,"Lower_slope",NA,496044,6404560,116.957889,-32.4962121,"A","A","0-18",0,18,9,13.4,89.08,5.14,5.79,"1.6239",1.48,0.08,18.5,4.92,4.36,2280,1.5,0.18,1.3,0.01,0.29,0.4,"LS",5
28,"Lower_slope",NA,496044,6404560,116.957889,-32.4962121,"B","B","18-47",18,47,32.5,6.62,91.69,2.46,5.85,"1.8687",0.24,0.01,24,5.2,4.99,2265,0.26,0.1,0.16,0.005,0.19,0.17,"LS",35
28,"Lower_slope",NA,496044,6404560,116.957889,-32.4962121,"C1","C","47-85",47,85,66,72.69,90.14,5.15,4.71,"1.9452",0.07,0.02,3.5,4.93,4.53,2334,0.15,0.12,0.05,0.01,0.18,0.19,"LS",70
28,"Lower_slope",NA,496044,6404560,116.957889,-32.4962121,"C2",NA,"85-100",85,100,92.5,10.04,64.01,8.47,27.51,"2.1534",0.09,0.01,9,5.07,4.61,2137,1.75,0.11,0.08,0.01,1.59,0.5,"LS",90
29,"Residual",NA,497240,6404609,116.970621,-32.4957737,"A","A","0-15",0,15,7.5,53.21,86.6,7.07,6.33,"1.5615",2.45,0.14,17.5,5.34,4.96,2283,3.71,0.06,2.59,0.1,0.38,0.08,"RE",5
29,"Residual",NA,497240,6404609,116.970621,-32.4957737,"B","B","15-100",15,100,57.5,80.89,87.13,8.88,3.99,"1.3958",0.31,0.02,15.5,6.15,4.99,2262,2.06,0.05,1.29,0.05,0.21,0.04,"RE",50
30,"Lower_slope","Sub_valley_floor",496745,6404980,116.965353,-32.4924255,"A","A","0-12",0,12,6,4.924,89.91380746,4.251205118,5.834987417,"1.503298246",2.45,0.16,15.3125,5.5,4.8,183,4.55,0.01,2.74,0.22,3.04,0.86,"LS",5
30,"Lower_slope","Sub_valley_floor",496745,6404980,116.965353,-32.4924255,"B1","B","Dec-50",12,50,31,5.923,87.56979131,8.818729135,3.61147955,"1.596105263",0.11,0.02,5.5,6.2,4.5,24,0.25,0.005,0.15,0.06,0.7,0.44,"LS",35
30,"Lower_slope","Sub_valley_floor",496745,6404980,116.965353,-32.4924255,"B2","B2","50-65",50,65,57.5,7.539,73.19630285,21.22653035,5.577166799,"1.616701754",0.06,0.01,6,6.5,4.7,48.9,0.81,0.005,0.17,0.02,1.16,0.45,"LS",50
30,"Lower_slope","Sub_valley_floor",496745,6404980,116.965353,-32.4924255,"B3","B3","65-100",65,100,82.5,12.184,61.21618505,22.11431349,16.66950146,NA,0.03,0.01,3,6.8,5,894,3.19,0.005,0.34,0.05,3.08,1.1,"LS",90
31,"Nonresid_upland",NA,497397,6405407,116.972294,-32.4885752,"A","A","0-15",0,15,7.5,10.824,76.47650841,6.90899753,16.61449406,"1.513824561",2.16,0.16,13.5,5.2,4.85,260.6,3.96,0.04,2.98,0.41,0.75,0.36,"US",5
31,"Nonresid_upland",NA,497397,6405407,116.972294,-32.4885752,"B1","B","15-52",15,52,33.5,10.35,75.88432904,7.33588592,16.77978504,"1.616912281",0.9,0.02,45,4.68,4.36,168.2,1.38,0.08,1.08,0.04,0.44,0.09,"US",35
31,"Nonresid_upland",NA,497397,6405407,116.972294,-32.4885752,"B2","B2","52-95",52,95,73.5,1.412,35.81736302,14.56689835,49.61573863,"1.710350877",0.55,0.02,27.5,4.63,4.18,401,4.94,0.55,0.95,0.03,2.74,0.33,"US",70
32,"Upper_slope",NA,497226,6405223,116.970473,-32.4902347,"Ap","A","0-32",0,32,16,9.12,67.86,10.406,21.73,"1.119",6.61,0.58,11.39655172,5.95,5.47,1280,3.05,0.01,1.61,0.39,0.3,0.04,"US",15
32,"Upper_slope",NA,497227,6405224,116.970484,-32.4902257,"E","A2","32-50",32,50,41,27.89,88.452,2.442,9.106,"1.739",0.37,0.02,18.5,6.9,5.69,112,4.64,0.03,2.61,0.41,0.9,0.12,"US",50
32,"Upper_slope",NA,497228,6405225,116.970495,-32.4902166,"B","B","52-120",52,120,86,42.27,33,5.1,61.29,"1.688",0.14,0.05,2.8,6.9,5.96,300,5.96,0.05,3.59,0.08,1.31,0.28,"US",90
33,"Residual",NA,497216,6404807,116.970366,-32.4939874,"A","A","0-57",0,57,28.5,15.89,60.004,16.276,23.72,"1.495",3.54,0.32,11.0625,5.42,4.91,606,8.83,0.24,2.84,0.36,6.52,7.32,"RE",25
33,"Residual",NA,497217,6404808,116.970376,-32.4939784,"B","B","57-80",57,80,68.5,27.55,70.508,7.872,21.62,"1.976",0.16,0.02,8,5.6,5.08,66,3.27,0.49,0.2,0.26,1.82,4.52,"RE",70
34,"Residual",NA,497344,6404633,116.971728,-32.4955574,"A","A","Feb-15",2,15,8.5,30.92,88.25,7.45,4.3,"1.21",0.83,0.05,16.6,5.7,4.44,30.8,NA,NA,NA,NA,NA,NA,"RE",5
34,"Residual",NA,497345,6404634,116.971738,-32.4955484,"B1","B","15-25",15,25,20,17.79529994,86.78,5.56,7.66,"1.413",0.22,0.03,7.333333333,6.1,4.9,21.61,NA,NA,NA,NA,NA,NA,"RE",25
34,"Residual",NA,497346,6404635,116.971749,-32.4955394,"B2","B2","25-45",25,45,35,2.379456573,68.17,8.57,23.26,NA,0.23,0.03,7.666666667,6.35,5.1,20.86,NA,NA,NA,NA,NA,NA,"RE",35
34,"Residual",NA,497347,6404636,116.97176,-32.4955304,"C","C","45-100",45,100,72.5,3.348806366,79.64,8.36,11.99,NA,0.15,0.05,3,6.85,5.46,18.48,NA,NA,NA,NA,NA,NA,"RE",70
35,"Upper_slope",NA,497366,6404510,116.971962,-32.4966671,"A","A","0-15",0,15,7.5,18.92030097,88.76,5.58,5.66,"1.383",2.87,0.16,17.9375,5.9,5,62.9,3.16,0.03,3.06,0.11,0.42,0.03,"US",5
35,"Upper_slope",NA,497367,6404511,116.971972,-32.496658,"B1","B","15-35",15,35,25,32.08771819,90.89,5.37,3.74,"1.543",0.33,0.04,8.25,6.3,5.11,13.58,1.54,0.03,1.65,0.02,0.32,0.02,"US",25
35,"Upper_slope",NA,497368,6404512,116.971983,-32.496649,"B2","B2","35-75",35,75,55,18.09435133,88.88,8.02,3.09,"1.48",0.08,0.02,4,6.08,4.99,10.36,0.67,0.02,0.69,0.005,0.17,0.02,"US",50
35,"Upper_slope",NA,497369,6404513,116.971994,-32.49664,"C","C","75-95",75,95,85,37.28122912,90.78,8.15,1.07,NA,0.07,0.01,7,6.38,5.15,15.3,1.24,0.02,0.6,0.04,0.8,0.03,"US",90
36,"Residual",NA,497376,6404935,116.972069,-32.4928331,"A","A","0-18",0,18,9,16.91760905,88.36,6.4,5.25,"1.309",1.96,0.1,19.6,5.64,4.66,24.5,0.43,0.09,0.43,0.11,0.12,0.04,"RE",5
36,"Residual",NA,497377,6404936,116.97208,-32.4928241,"B","B","18-45",18,45,31.5,28.77648667,87.92,5.5,6.58,NA,0.27,0.04,6.75,6,4.58,12.34,0.93,0.16,0.35,0.21,0.33,0.09,"RE",35
37,"Mid-slope","Lower_slope",498834,6405514,116.987589,-32.4876124,"A","A","0-13",0,13,6.5,32.12,NA,NA,11.5118,"1.327567568",3.537651539,0.274661988,12.88001869,6.45,5.45,1367,1.5,0.18,1.3,0.01,0.29,0.4,"MS",5
37,"Mid-slope","Lower_slope",498834,6405514,116.987589,-32.4876124,"B1","B","13-38",13,38,25.5,43.9,76.0834,6.545593,17.370998,"1.416486486",0.713152945,0.051957343,13.72573937,6.68,5.2,1267,0.26,0.1,0.16,0.005,0.19,0.17,"MS",25
37,"Mid-slope","Lower_slope",498834,6405514,116.987589,-32.4876124,"B2","B2","38-50",38,50,44,42.35,91.621822,4.06214,4.31603,"1.524189189",0.224345997,0.024394944,9.196413573,5.95,5.21,569,0.15,0.12,0.05,0.01,0.18,0.19,"MS",50
37,"Mid-slope","Lower_slope",498834,6405514,116.987589,-32.4876124,"C","C","50-70",50,70,60,54.06,89.85815,6.845742,3.296098,"1.602094595",0.224158004,0.032670721,6.861128076,6.3,5.13,700,1.75,0.11,0.08,0.01,1.59,0.5,"MS",70
38,"Lower_slope","Mid-slope",498720,6405407,116.986376,-32.4885775,"A","A","0-20",0,20,10,6.53,96.691204,1.272613,2.036181,"1.072297297",1.693874359,0.12,14.11561966,6.3,5,297,3.69,0.005,3.42,0.14,0.67,0.06,"LS",15
38,"Lower_slope","Mid-slope",498720,6405407,116.986376,-32.4885775,"E","A2","20-33",20,33,26.5,6.58,NA,NA,2.530292,"1.637094595",0.265322179,0.02,13.26610893,6.53,4.92,436,2.06,0.01,1.73,0.16,0.48,0.03,"LS",25
38,"Lower_slope","Mid-slope",498720,6405407,116.986376,-32.4885775,"B1","B","33-62",33,62,47.5,7.99,NA,9.765122,NA,"1.704459459",0.07,0.01,7,5.81,4.88,751,4.55,0.01,2.74,0.22,3.04,0.86,"LS",50
38,"Lower_slope","Mid-slope",498720,6405407,116.986376,-32.4885775,"B2","B2","62-100",62,100,81,16.53,93.5591,4.122171,2.318721,"1.739459459",0.04,0.01,4,5.95,5.21,569,0.25,0.005,0.15,0.06,0.7,0.44,"LS",90
39,"Nonresid_upland",NA,498095,6405134,116.979723,-32.4910394,"A","A","0-12",0,12,6,16.99,67.10533875,25.12426883,7.770392422,"1.29188",3.11,0.29,10.72413793,6.06,5.06,99.5,11.02,0.02,6.26,1.97,1.56,0.14,"US",5
39,"Nonresid_upland",NA,498095,6405134,116.979723,-32.4910394,"B1","B","Dec-52",12,52,32,29.91,49.44252886,10.48798603,40.0694851,"1.4749",1.12,0.11,10.18181818,6.96,5.99,54,12.84,0.01,7.67,1.01,2.69,0.17,"US",35
40,"Upper_slope",NA,498149,6404827,116.980297,-32.493809,"A","A","0-15",0,15,7.5,14.02,82.89254601,6.128043219,10.97941077,"1.38486",2.66,0.25,10.64,5.9,5.15,191.1,7.18,0.02,4.95,1.04,0.87,0.09,"US",5
40,"Upper_slope",NA,498149,6404827,116.980297,-32.493809,"B1","B","15-40",15,40,27.5,22.43,87.69609351,9.484261253,2.819645237,"1.51451",0.51,0.04,12.75,6.67,5.27,27.1,3.05,0.01,1.61,0.39,0.3,0.04,"US",25
40,"Upper_slope",NA,498149,6404827,116.980297,-32.493809,"B2","B2","40-60",40,60,50,8.52,55.80204531,10.9163623,33.28159238,"1.6517",0.39,0.04,9.75,6.87,5.89,35.8,4.64,0.03,2.61,0.41,0.9,0.12,"US",50
41,"Residual",NA,498226,6405423,116.981118,-32.4884325,"A","A","0-50",0,50,25,25.41,78.273247,10.32020768,11.40654533,"0.57",0.46,0.02,23,5.83,4.87,39.3,11.02,0.02,6.26,1.97,1.56,0.14,"RE",25
42,"Residual","Upper_slope",498278,6405414,116.981671,-32.4885138,"A","A","0-16",0,16,8,19.65,61.35118932,27.08045918,11.5683515,"0.53",2.1,0.62,3.387096774,4.52,4.26,2087,3.27,0.49,0.2,0.26,1.82,4.52,"RE",5
42,"Residual","Upper_slope",498278,6405414,116.981671,-32.4885138,"B1","B","16-30",16,30,23,9.16,50.40222985,21.71578045,27.88198971,"1.34",1.79,0.06,29.83333333,4.28,3.96,1221,2.62,0.77,0.02,0.16,1.8,3.89,"RE",25
42,"Residual","Upper_slope",498278,6405414,116.981671,-32.4885138,"B2","B2","30-80",30,80,55,10.58,54.74022568,16.50650593,28.75326839,"1.34",0.48,0.02,24,3.96,3.65,991,2.32,0.49,0.03,0.24,1.47,4.1,"RE",50
42,"Residual","Upper_slope",498349,6405394,116.982427,-32.4886943,"C","C","80-120",80,120,100,5.13,64.46725361,9.191701023,26.34104537,"1.34",0.46,0.02,23,3.95,3.66,1052,1.3,0.26,0.49,0.08,1.46,2.13,"RE",100
43,"Upper_slope",NA,498349,6405394,116.982427,-32.4886943,"A","A","0-20",0,20,10,17.25,77.08329053,11.94336132,10.97334815,"1.04",2.8,0.2,14,4.25,4.23,805,2.39,0.13,0.01,0.07,4.95,4.47,"US",15
43,"Upper_slope",NA,498349,6405394,116.982427,-32.4886943,"B1","B","20-40",20,40,30,23.4,72.89774758,17.10336318,9.998889241,"1.38",2.18,0.09,24.22222222,4.93,4.71,1696,3.31,0.03,0.02,0.05,4.35,3.29,"US",35
43,"Upper_slope",NA,498349,6405394,116.982427,-32.4886943,"B2","B2","40-60",40,60,50,12.53,58.88187818,18.1916539,22.92646792,"1.61",0.4,0.02,20,5.25,4.98,1334,13.9,0.04,4.65,0.34,9.77,7.28,"US",50
44,"Valley_floor",NA,499277,6404883,116.992304,-32.4933051,"A","A","0-6",0,6,3,45.61,69.47567549,17.93973458,12.58458993,NA,3.1,0.11,28.18181818,5.89,4.9,85.9,13.8,0.04,4.55,0.42,9.77,7.18,"VF",5
44,"Valley_floor",NA,499277,6404883,116.992304,-32.4933051,"B","B","Jun-13",6,13,9.5,6.09,60.0377437,25.45366643,14.50858987,"1.39",2.85,0.1,28.5,6.17,5.01,265,7.77,0.005,2.13,0.15,3.12,2.79,"VF",5
44,"Valley_floor",NA,499277,6404883,116.992304,-32.4933051,"A1","A","13-30",13,30,21.5,8.08,83.08441291,9.593915066,7.321672024,"1.27",0.61,0.06,10.16666667,6.44,5.21,185.1,4.2,0.005,0.98,0.08,1.81,1.22,"VF",25
44,"Valley_floor",NA,499277,6404883,116.992304,-32.4933051,"B1","B","30-50",30,50,40,9.87,88.39692348,5.801538262,5.801538262,"1.65",0.28,0.02,14,6.11,5.06,147.4,2.32,0.005,0.44,0.05,1.05,0.72,"VF",50
44,"Valley_floor",NA,499277,6404883,116.992304,-32.4933051,"B2","B2","50-100",50,100,75,3.33,38.90801658,9.319116116,51.77286731,"1.97",0.14,0.02,7,5.94,5.02,506,11.76,0.005,1.28,0.06,6.62,4.89,"VF",70
45,"Mid-slope",NA,498997,6404745,116.989324,-32.4945498,"A","A","0-15",0,15,7.5,10.26,88.48135665,6.143276455,5.375366898,"1.34",1.45,0.11,13.18181818,5.62,4.71,87.3,3.71,0.06,2.59,0.1,0.38,0.08,"MS",5
45,"Mid-slope",NA,498997,6404745,116.989324,-32.4945498,"B1","B","15-30",15,30,22.5,12.69,90.30017371,5.360430319,4.339395973,"1.69",0.4,0.03,13.33333333,6.9,4.87,23.13,2.06,0.05,1.29,0.05,0.21,0.04,"MS",25
45,"Mid-slope",NA,498997,6404745,116.989324,-32.4945498,"B2","B2","30-54",30,54,42,16.47,89.52692347,6.386022274,4.087054256,"1.6",0.16,0.02,8,6.59,4.98,42.8,2.05,0.01,1.14,0.02,0.25,0.07,"MS",50
45,"Mid-slope",NA,498997,6404745,116.989324,-32.4945498,"B3","B3","54-70",54,70,62,23.62,53.64869766,5.696808108,40.65449423,NA,0.15,0.02,7.5,5.68,4.55,129.7,NA,NA,NA,NA,NA,NA,"MS",70
46,"Mid-slope","Lower_slope",498808,6404333,116.987311,-32.498266,"A","A","Feb-30",2,30,16,14.9,88.3,6.1,5.6,"1.468",1.53,0.13,11.76923077,5.65,5.6,187.1,NA,NA,NA,NA,NA,NA,"MS",15
46,"Mid-slope","Lower_slope",498808,6404333,116.987311,-32.498266,"B","B","30-50",30,50,40,15.7,86.3,7.7,6,"1.413",0.93,0.05,18.6,6.15,5.5,50.4,NA,NA,NA,NA,NA,NA,"MS",50
46,"Mid-slope","Lower_slope",498808,6404333,116.987311,-32.498266,"C","C","50-60",50,60,55,7.22,85.5,5.3,9.3,"1.92",0.25,0.02,12.5,6.2,4.82,52.9,NA,NA,NA,NA,NA,NA,"MS",50
47,"Lower_slope","Mid-slope",499548,6404154,116.995188,-32.4998816,"A","A","0-5",0,5,2.5,9.31,75.84187788,9.927995392,14.23012673,"NA (horizon too shallow)",2.63,0.23,11.43478261,6.01,5.34,188.4,1.5,0.18,1.3,0.01,0.29,0.4,"LS",5
47,"Lower_slope","Mid-slope",499548,6404154,116.995188,-32.4998816,"A/B",NA,"6-Nov",6,11,8.5,14.14,77.79174213,9.44679626,12.76146161,"1.438",1.17,0.11,10.63636364,5.39,4.91,278,0.26,0.1,0.16,0.005,0.19,0.17,"LS",5
47,"Lower_slope","Mid-slope",499548,6404154,116.995188,-32.4998816,"B1","B","Dec-46",12,46,29,14.2,79.36893204,5.446601942,15.18446602,"1.587",0.56,0.06,9.333333333,5.41,5.23,165.2,0.15,0.12,0.05,0.01,0.18,0.19,"LS",25
47,"Lower_slope","Mid-slope",499548,6404154,116.995188,-32.4998816,"B2","B2","47-65",47,65,56,20.78,67.58480613,5.513924731,26.90126914,"1.748",0.14,0.02,7,6.88,5.64,72.9,1.75,0.11,0.08,0.01,1.59,0.5,"LS",50
48,"Lower_slope",NA,499521,6404045,116.994901,-32.5008649,"A","A","0-5",0,5,2.5,5.25,87.78368988,7.077034826,5.13927529,"NA (horizon too shallow)",2.2,0.21,10.47619048,6.7,5.66,375,3.69,0.005,3.42,0.14,0.67,0.06,"LS",5
48,"Lower_slope",NA,499521,6404045,116.994901,-32.5008649,"A/B",NA,"6-Nov",6,11,8.5,14.64,90.4713388,6.056352459,3.472308743,"1.541",0.48,0.03,16,6.1,5.04,50.9,2.06,0.01,1.73,0.16,0.48,0.03,"LS",5
48,"Lower_slope",NA,499521,6404045,116.994901,-32.5008649,"E","A2","18-31",18,31,24.5,46.79,83.83160761,9,7.168392388,"1.5705",0.25,0.03,8.333333333,6.1,5.11,37.3,4.55,0.01,2.74,0.22,3.04,0.86,"LS",25
48,"Lower_slope",NA,499521,6404045,116.994901,-32.5008649,"B1","B","32-50",32,50,41,34.17,86.89737471,7.511059081,5.591566205,"1.655",0.17,0.02,8.5,5.71,4.5,29.8,0.25,0.005,0.15,0.06,0.7,0.44,"LS",50
48,"Lower_slope",NA,499521,6404045,116.994901,-32.5008649,"B2","B2","51-80",51,80,65.5,34.41,75.40627458,9.253910244,15.33981518,"1.759",0.16,0.02,8,5.69,4.77,45.8,0.81,0.005,0.17,0.02,1.16,0.45,"LS",70
49,"Valley_floor",NA,497927,6406410,116.977938,-32.4795281,"A","A","0-15",0,15,7.5,11.24,93.2,4.75,2.05,"1.3259",1.93,0.21,9.19047619,5.7,4.6,92,3.19,0.005,0.34,0.05,3.08,1.1,"VF",5
49,"Valley_floor",NA,497927,6406410,116.977938,-32.4795281,"A/B",NA,"15-35",15,35,25,14.56,92.241,4.254994444,3.504113071,"1.5304",0.51,0.05,10.2,5.67,4.69,59.5,3.96,0.04,2.98,0.41,0.75,0.36,"VF",25
49,"Valley_floor",NA,497927,6406410,116.977938,-32.4795281,"B","B","35-72",35,72,53.5,15.49,88.98,5.008986214,6.010783457,"1.6869",0.21,0.01,21,6.05,5,46,1.38,0.08,1.08,0.04,0.44,0.09,"VF",50
49,"Valley_floor",NA,497927,6406410,116.977938,-32.4795281,"C","C","72-100",72,100,86,34.69,86.476,5.509714856,8.014130699,"1.5716",0.16,0.01,16,6.12,5.25,40.5,4.94,0.55,0.95,0.03,2.74,0.33,"VF",90
50,"Valley_floor",NA,497283,6403755,116.971076,-32.5034778,"A","A","0-24",0,24,12,10.69,84.969,5.192359162,9.838154202,"1.4255",1.21,0.08,15.125,4.97,4.11,84.3,11.99,0.02,4.64,0.13,7.38,4.88,"VF",15
50,"Valley_floor",NA,497283,6403755,116.971076,-32.5034778,"B","B","24-45",24,45,34.5,10.56,81.629,8.499822663,9.870761803,"1.5269",0.28,0.03,9.333333333,5.17,4.18,82.5,1.12,0.005,0.4,0.03,0.92,0.36,"VF",35
50,"Valley_floor",NA,497283,6403755,116.971076,-32.5034778,"B2","B2","45-80",45,80,62.5,26.96,57.812,4.771229562,37.41648446,"1.5524",0.25,0.04,6.25,4.72,4.06,384,11.38,0.005,2.54,0.14,7.15,1.92,"VF",70
51,"Lower_slope",NA,497514,6403540,116.973534,-32.5054179,"Ap","A","0-15",0,15,7.5,10.97,89.188,3.52027664,7.292001611,"1.5137",1.4,0.09,15.55555556,5.39,4.2,153,11.77,0.005,7.36,1.59,2.53,0.85,"LS",5
51,"Lower_slope",NA,497514,6403540,116.973534,-32.5054179,"A","A","15-23",15,23,19,10.25,86.942,5.984766523,7.072905891,"1.5452",0.51,0.04,12.75,5.41,4.44,45,8.49,0.01,3.62,0.01,4.39,0.23,"LS",15
51,"Lower_slope",NA,497514,6403540,116.973534,-32.5054179,"A/B",NA,"23-37",23,37,30,12.7,88.714,4.514363533,6.771545299,"1.4569",0.2,0.03,6.666666667,5.39,4.35,46.7,1.84,0.06,1.43,0.12,0.38,0.07,"LS",35
51,"Lower_slope",NA,497514,6403540,116.973534,-32.5054179,"B","B","37-76",37,76,56.5,11.91,85.197,5.20833411,9.594299676,"1.6485",0.14,0.02,7,5.49,4.44,57.4,2.31,0.03,1.68,0.12,0.57,0.09,"LS",50
51,"Lower_slope",NA,497514,6403540,116.973534,-32.5054179,"B2","B2","76-100",76,100,88,14.78,65.559,7.793125017,26.64745973,"1.6145",0.17,0.02,8.5,5.79,4.69,73.1,3.57,0.04,2.44,0.1,1.05,0.12,"LS",90
52,"Valley_floor",NA,498807,6403228,116.987299,-32.5082346,"A","A","0-25",0,25,12.5,4.43,88.4,4.9,6.7,"1.49",1.63,0.14,11.64285714,NA,NA,NA,3.6,0.05,2.15,0.08,1.2,0.15,"VF",15
52,"Valley_floor",NA,498807,6403228,116.987299,-32.5082346,"E","A2","26-68",26,68,47,5.55,91.7,4.2,4.3,"1.56",0.14,0.02,7,NA,NA,NA,3.16,0.03,3.06,0.11,0.42,0.03,"VF",50
52,"Valley_floor",NA,498807,6403228,116.987299,-32.5082346,"E/B","A2","69-74",69,74,71.5,60.2,72,4.3,23.8,"1.62",0.14,0.03,4.666666667,NA,NA,NA,1.54,0.03,1.65,0.02,0.32,0.02,"VF",70
53,"Lower_slope",NA,498186,6404070,116.980689,-32.500638,"A","A","0-15",0,15,7.5,9.07,87.4,6.5,6.1,"1.38",1.35,0.1,13.5,NA,NA,NA,0.67,0.02,0.69,0.005,0.17,0.02,"LS",5
53,"Lower_slope",NA,498186,6404070,116.980689,-32.500638,"E","A2","16-19",16,19,17.5,15.4,92,3.6,4.3,"1.75",0.26,0.02,13,NA,NA,NA,1.24,0.02,0.6,0.04,0.8,0.03,"LS",15
53,"Lower_slope",NA,498186,6404070,116.980689,-32.500638,"B","B","20-32",20,32,26,38.6,87,9,4,"1.73",0.14,0.02,7,NA,NA,NA,0.43,0.09,0.43,0.11,0.12,0.04,"LS",25
53,"Lower_slope",NA,498186,6404070,116.980689,-32.500638,"C","C","33-54",33,54,43.5,46.3,84,9.6,6.4,"1.78",0.16,0.02,8,NA,NA,NA,0.93,0.16,0.35,0.21,0.33,0.09,"LS",50
54,"Valley_floor",NA,496001,6403978,116.957429,-32.5014622,"A","A","0-10",0,10,5,7.695282029,93,4.7,2.2,"1.462",2.01,0.16,12.5625,5.45,4.54,763,4.44,0.12,2.82,0.03,0.76,0.23,"VF",5
54,"Valley_floor",NA,496001,6403978,116.957429,-32.5014622,"A2","A2","Oct-20",10,20,15,11.5879757,88.7,3.8,7.5,"1.633",0.44,0.04,11,6.04,4.63,692,2.96,0.07,1.86,0.02,0.58,0.13,"VF",15
54,"Valley_floor",NA,496001,6403978,116.957429,-32.5014622,"B1","B","20-50",20,50,35,14.0162453,90.8,4.3,4.8,"1.658",0.09,0.04,2.25,6.8,5.03,747,1.42,0.02,0.59,0.01,0.4,0.14,"VF",35
54,"Valley_floor",NA,496001,6403978,116.957429,-32.5014622,"B2","B2","50-80",50,80,65,13.89593285,37.5,5.3,57.2,"1.928",0.21,0.02,10.5,7.67,5.6,108.3,13.99,0.01,1.81,0.02,8.96,2.71,"VF",70
55,"Lower_slope",NA,497352,6403626,116.97181,-32.5046417,"A","A","0-15",0,15,7.5,9.877468472,86,6.6,7.4,"1.585",1.56,0.12,13,5.3,4.91,154,4.03,0.07,3.38,0.06,0.61,0.09,"LS",5
55,"Lower_slope",NA,497352,6403626,116.97181,-32.5046417,"A2","A2","15-30",15,30,22.5,22.84722342,86.5,7.7,5.7,"1.654",0.34,0.04,8.5,5.37,4.34,23.15,1.72,0.19,1.17,0.01,0.33,0.06,"LS",25
55,"Lower_slope",NA,497352,6403626,116.97181,-32.5046417,"B1","B","30-65",30,65,47.5,30.50771787,51.5,11.3,37.2,"1.491",0.46,0.05,9.2,5.81,5.02,70.2,7.62,0.04,3.51,0.02,3.13,0.29,"LS",50
56,"Valley_floor",NA,495711,6403941,116.954342,-32.5017949,"A","A","0-14",0,14,7,1.94,82.6,8.7,8.7,"1.3212",3.17,0.29,10.93103448,6.52,5.24,223.3,13.16,0.04,2.55,0.28,8.43,8.91,"VF",5
56,"Valley_floor",NA,495711,6403941,116.954342,-32.5017949,"A2","A2","14-20",14,20,17,8.07,81.8,5.7,12.5,"1.35773",0.98,0.06,16.33333333,7.19,5.63,139.1,2.76,0.1,0.58,0.06,1.52,1.6,"VF",15
56,"Valley_floor",NA,495711,6403941,116.954342,-32.5017949,"B1","B","20-42",20,42,31,6.5,97.8,0.2,2,"1.40346",0.11,0.01,11,7.16,5.8,44.3,5.43,0.005,0.75,0.09,3.04,3.37,"VF",35
56,"Valley_floor",NA,495711,6403941,116.954342,-32.5017949,"B2","B2","42-60",42,60,51,5.85,86.9,5,8.1,"1.704957",1.92,0.04,48,7.78,6.4,288,4.38,0.02,0.62,0.05,2.48,2.81,"VF",50
57,"Sub_valley_floor",NA,495765,6404195,116.954918,-32.4995038,"A","A","0-15",0,15,7.5,19.64,72.4,11.9,15.7,"1.44023",2.91,0.23,12.65217391,6.62,6.19,1577,13.16,0.04,2.55,0.28,8.43,8.91,"VF",5
57,"Sub_valley_floor",NA,495765,6404195,116.954918,-32.4995038,"A2","A2","15-30",15,30,22.5,30.4,80.2,11.1,8.7,"1.555",0.44,0.03,14.66666667,7.13,7.17,513,2.76,0.1,0.58,0.06,1.52,1.6,"VF",25
57,"Sub_valley_floor",NA,495765,6404195,116.954918,-32.4995038,"B1","B","30-40",30,40,35,12.94,67,4.3,28.7,"1.6248",0.17,0.02,8.5,7.34,6.67,650,5.43,0.005,0.75,0.09,3.04,3.37,"VF",35
57,"Sub_valley_floor",NA,495765,6404195,116.954918,-32.4995038,"B2","B2","40-60",40,60,50,28.96,74.9,4.5,20.6,"1.6623",0.1,0.01,10,6.72,6.5,7.27,4.38,0.02,0.62,0.05,2.48,2.81,"VF",50
58,"Lower_slope",NA,496884,6403490,116.966827,-32.5058673,"A","A","0-10",0,10,5,8.41,94,0.501,5.5,"1.619",2.2,0.15,14.66666667,5.83,5.2,225.9,4.52,0.03,3.78,0.05,0.68,0.16,"LS",5
58,"Lower_slope",NA,496884,6403490,116.966827,-32.5058673,"B1","B","Oct-40",10,40,25,12.43,88.628,9.641,2.2,"1.754",0.7,0.04,17.5,5.61,4.59,72.3,2.27,0.13,0.98,0.02,0.49,0.14,"LS",25
58,"Lower_slope",NA,496884,6403490,116.966827,-32.5058673,"B2","B2","40-70",40,70,55,4.93,27.5,6.8,65.7,"1.619",0.2,0.04,5,5.23,4.28,61.4,7.04,0.35,0.88,0.09,3.86,0.79,"LS",50
59,"Lower_slope",NA,497268,6404131,116.970917,-32.5000858,"A","A","0-5",0,5,2.5,8.8,89.9,3.8,6.3,"1.453",1.88,0.14,13.42857143,6.76,5.9,108.5,4.52,0.005,3.52,0.14,0.57,0.08,"LS",5
59,"Lower_slope",NA,497268,6404131,116.970917,-32.5000858,"A2","A2","May-20",5,20,12.5,4.25,89.4,4.3,6.2,"1.553",1.36,0.09,15.11111111,5,4.27,66.5,1.87,0.18,1.27,0.02,0.16,0.07,"LS",15
59,"Lower_slope",NA,497268,6404131,116.970917,-32.5000858,"B1","B","20-50",20,50,35,10.87,87.8,5.2,7,"1.71",0.18,0.02,9,5.02,4.11,17.8,1.12,0.28,0.27,0.01,0.09,0.02,"LS",35
59,"Lower_slope",NA,497268,6404131,116.970917,-32.5000858,"B2","B2","50-80",50,80,65,13.23,65.3,8,26.7,"1.845",0.16,0.02,8,5.2,4.27,38.1,3.23,0.34,0.64,0.01,1.31,0.14,"LS",70
60,"Lower_slope",NA,496653,6404196,116.964371,-32.4994978,"A","A","0-17",0,17,8.5,11.617,91.2,5,3.8,"1.538",1.6,0.11,14.54545455,5.43,4.61,107.8,2.8,0.07,2.13,0.07,0.33,0.05,"LS",5
60,"Lower_slope",NA,496653,6404196,116.964371,-32.4994978,"A2","A2","17-37",17,37,27,15.742,92,4.5,3.5,"1.714",0.26,0.02,13,5.66,4.37,16.84,1.49,0.15,0.63,0.06,0.14,0.02,"LS",25
60,"Lower_slope",NA,496653,6404196,116.964371,-32.4994978,"B1","B","37-53",37,53,45,51.346,93,4.2,2.2,"1.6524",0.12,0.01,12,5.88,4.69,10.93,0.99,0.05,0.49,0.03,0.15,0.02,"LS",50
60,"Lower_slope",NA,496653,6404196,116.964371,-32.4994978,"B2","B2","53-72",53,72,62.5,8.755,NA,NA,NA,"1.753",0.08,0.01,8,5.46,4.92,21.87,2.68,0.07,0.83,0.02,1.19,0.1,"LS",70
60,"Lower_slope",NA,496653,6404196,116.964371,-32.4994978,"B3","B3","72-95",72,95,83.5,15.391,NA,NA,NA,"1.687",0.09,0.01,9,6.45,5.11,22.39,6.2,0.03,1.73,0.03,3.59,0.23,"LS",90
61,"Sub_valley_floor",NA,496840,6404334,116.966362,-32.4982534,"A","A","0-20",0,20,10,7.849,75.2,11.4,13.4,"1.156",4.21,0.27,15.59259259,5.24,4.8,144.7,7.43,0.03,5,0.13,1.41,0.21,"VF",15
61,"Sub_valley_floor",NA,496840,6404334,116.966362,-32.4982534,"B1","B","20-35",20,35,27.5,16.288,90.1,5.2,4.7,"1.552",0.43,0.09,3.609302326,6.14,4.75,179.9,3.32,0.06,1.63,0.06,1,0.33,"VF",25
61,"Sub_valley_floor",NA,496840,6404334,116.966362,-32.4982534,"B2","B2","35-65",35,65,50,10.554,91.2,6.4,2.4,"1.7",0.13,0.03,13.07692308,6.16,4.95,85.6,1.49,0.02,0.49,0.01,0.59,0.26,"VF",50
61,"Sub_valley_floor",NA,496840,6404334,116.966362,-32.4982534,"B3","B3","65-80",65,80,72.5,9.635,83.8,8.5,7.7,"1.682",0.13,0.02,12.93846154,6.42,4.9,90.8,2.08,0.06,0.5,0.02,1.07,0.36,"VF",70
62,"Lower_slope","Sub_valley_floor",495983,6404204,116.9572,-32.49942,"A1","A","0-18",0,18,9,7.35,83.4,10.3,6.3,"1.149",1.17,0.093,12.58064516,5.6,4.54,92.3,4.2,0.005,2.7,0.6,0.5,0.1,"LS",5
62,"Lower_slope","Sub_valley_floor",495983,6404204,116.9572,-32.49942,"A2","A2","18-34",18,34,26,10.64,89.5,6.7,3.8,"1.416",0.329,0.025,13.16,5.23,4.46,14.58,3.3,0.005,2.2,0.2,0.3,0.1,"LS",25
62,"Lower_slope","Sub_valley_floor",495983,6404204,116.9572,-32.49942,"B1","B","34-74",34,74,54,27.89,90.9,6.3,2.8,"1.439",0.167,0.017,9.823529412,6.28,5.06,15.99,2.3,0.005,1.4,0.1,0.3,0.1,"LS",50
62,"Lower_slope","Sub_valley_floor",495983,6404204,116.9572,-32.49942,"B2","B2","74-95",74,95,84.5,0.2233,55.7,26.4,17.9,"1.547",0.27,0.031,8.709677419,7.38,6.16,3.5,5.4,0.1,3.9,0.1,0.9,0.2,"LS",90
63,"Lower_slope",NA,496419,6404110,116.9619,-32.50027,"A","A","0-17",0,17,8.5,5.03,91.49,4.25,4.25,"1.3795",1.309687495,0.107828781,12.14599185,4.65,4.05,217.2,2,0.1,1.8,0.1,0.3,0.1,"LS",5
63,"Lower_slope",NA,496419,6404110,116.9619,-32.50027,"E","A2","17-36",17,36,26.5,10.477,92.17,4.54,3.28,"1.5943",0.281303972,0.025480196,11.04010241,4.82,3.75,66.2,0.6,0.3,0.6,0.1,0.1,0.005,"LS",25
63,"Lower_slope",NA,496419,6404110,116.9619,-32.50027,"B1","B","36-52",36,52,44,9.04,91.86,5.34,2.8,"1.6471",0.095321424,0.008951585,10.64855289,5.56,4.73,16.76,0.4,0.005,0.6,0.005,0.2,0.005,"LS",50
63,"Lower_slope",NA,496419,6404110,116.9619,-32.50027,"B2","B2","52-78",52,78,65,26.714,88.0101,7.142918,4.84698,"1.647",0.0723897,0.007387693,9.798688669,6.35,5.34,20.97,1.3,0.1,0.9,0.005,0.6,0.1,"LS",70
63,"Lower_slope",NA,496419,6404110,116.9619,-32.50027,"B3","B3","78-95",78,95,86.5,6.818,71.86047,9.20452,18.93501,"1.8501",0.102839068,0.013451627,7.645102798,5.83,4.74,31,3.6,0.1,1.1,0.005,2.1,0.2,"LS",90
64,"Mid-slope",NA,495625,6403350,116.9534,-32.50713,"A","A","0-15",0,15,7.5,5.636743215,90.2,4.5,5.3,"1.38",1.748999834,0.146867096,11.9087248,4.85,4.1,155.2,3.7,0.1,2.6,0.3,0.7,0.3,"MS",5
64,"Mid-slope",NA,495625,6403350,116.9534,-32.50713,"E","A2","15-43",15,43,29,8.526966152,88,12,0.05,"1.47",0.197686538,0.027017936,7.316863038,6.1,4.55,23.89,1.1,0.005,0.7,0.1,0.3,0.1,"MS",25
64,"Mid-slope",NA,495625,6403350,116.9534,-32.50713,"B1","B","43-59",43,59,51,14.75779565,49.1,5.7,45.2,"1.51",0.16433908,0.035517342,4.627009495,6.52,5.76,155.5,6.4,0.1,1.3,0.005,3.8,0.7,"MS",50
64,"Mid-slope",NA,495625,6403350,116.9534,-32.50713,"B2","B2","59-87",59,87,73,12.50724638,44.3,5.2,50.5,"1.55",0.188615724,0.027949234,6.748511293,5.47,5.11,112.4,6.3,0.005,1.4,0.1,3.7,0.8,"MS",70
65,"Lower_slope",NA,496030,6403765,116.9577,-32.50338,"A","A","0-19",0,19,9.5,8.840083201,87.4,5.7,6.9,"1.3",1.32996726,0.105905071,12.55810745,5.79,4.73,102.4,2.3,0.1,1.4,0.1,0.4,0.2,"LS",5
65,"Lower_slope",NA,496030,6403765,116.9577,-32.50338,"E","A2","19-34",19,34,26.5,15.64337035,93,6.5,0.5,"1.44",0.176407784,0.022673946,7.780197818,5.33,4.78,17.2,0.7,0.1,0.6,0.005,0.3,0.1,"LS",25
65,"Lower_slope",NA,496030,6403765,116.9577,-32.50338,"B","B","34-50",34,50,42,34.77382876,51,8.75,40.25,NA,0.331294626,0.035477594,9.338136918,5.38,4.44,63.2,5.8,0.4,1.7,0.005,2.8,0.6,"LS",50
66,"Mid-slope","Lower_slope",496610,6403404,116.9639,-32.50664,"A","A","0-5",0,5,2.5,5.81,85.179,9.546,5.275,"1.29",1.57,0.12,13.08333333,5.72,5.26,271.5,6.1,0.005,5.3,0.2,0.7,0.1,"MS",5
66,"Mid-slope","Lower_slope",496610,6403404,116.9639,-32.50664,"B1","B","May-20",5,20,12.5,5.96,89.948,5.78,4.272,"1.48",0.4,0.03,13.33333333,5.21,4.41,18.28,2.4,0.1,1.5,0.005,0.3,0.005,"MS",15
66,"Mid-slope","Lower_slope",496610,6403404,116.9639,-32.50664,"B2","B2","20-50",20,50,35,16.7,92.127,4.064,3.809,"1.71",0.3,0.02,15,5.8,4.8,27.56,3.3,0.005,2.2,0.005,0.5,0.1,"MS",35
66,"Mid-slope","Lower_slope",496610,6403404,116.9639,-32.50664,"B3","B3","50-90",50,90,70,18.17,93.176,2.022,4.802,"1.77",0.09,0.01,9,5.97,5.33,14.65,6.1,0.005,3.1,0.1,2.5,0.2,"MS",70
67,"Valley_floor",NA,496759,6403845,116.9655,-32.50266,"A","A","0-5",0,5,2.5,1.82,78.3,2.49,19.2,"1.091",5.810021877,0.507,11.45960923,6.38,5.11,593,12.7,0.005,6,0.3,6.3,3.3,"VF",5
67,"Valley_floor",NA,496759,6403845,116.9655,-32.50266,"B","B","May-31",5,31,18,5.19,74.37,5.67,14.29,"1.454",2.249907732,0.178,12.63993108,6.64,4.7,132.4,7.6,0.005,3,0.1,3.2,1.3,"VF",15
67,"Valley_floor",NA,496759,6403845,116.9655,-32.50266,"B2","B2","31-38",31,38,34.5,14.38,85.7,10.15,4.15,"1.718",0.212964132,0.023,9.259310106,6.7,5.87,49.1,2.8,0.005,0.8,0.1,1.2,0.4,"VF",35
67,"Valley_floor",NA,496759,6403845,116.9655,-32.50266,"2A",NA,"38-42",38,42,40,11.05,3.1,49.19,47.71,"1.53",0.31629014,0.042,7.530717623,6.44,5.72,141,10.8,0.005,3.1,0.2,5.3,1.7,"VF",50
68,"Lower_slope",NA,496967,6403448,116.9677,-32.50625,"A","A","0-16",0,16,8,4.63,87.2,5.396,7.404,"1.33",1.785010934,0.126123399,14.15289276,5.79,5.01,103.8,3.44,0.93,3.03,0.04,0.52,0.18,"LS",5
68,"Lower_slope",NA,496967,6403448,116.9677,-32.50625,"E","A2","16-38",16,38,27,9.88,83.803,6.904,9.293,"1.7",0.23376666,0.019948324,11.71861144,5.69,4.4,24.28,0.95,2.4,0.41,0.05,0.3,0.08,"LS",25
68,"Lower_slope",NA,496967,6403448,116.9677,-32.50625,"B1","B","38-52",38,52,45,1.32,37.214,6.919,55.867,"1.5",0.252140552,0.030304091,8.320346958,5.27,4.26,71.1,4.19,12.1,0.79,0.07,2.11,0.39,"LS",50
68,"Lower_slope",NA,496967,6403448,116.9677,-32.50625,"B2","B2","52-68",52,68,60,2.55,32.676,9.54,57.784,NA,0.196663558,0.021025149,9.35372953,5.21,4.09,63.2,5.73,2.46,0.58,0.04,3.45,0.63,"LS",70
69,"Lower_slope",NA,497263,6404153,116.9709,-32.49989,"A","A","0-15",0,15,7.5,8.85,90.53,3.99,5.48,"1.346063992",1.014754534,0.060304698,16.8271225,4.96,4.82,242,3.1,0.005,2.8,0.005,0.6,0.2,"LS",5
69,"Lower_slope",NA,497263,6404153,116.9709,-32.49989,"E","A2","15-40",15,40,27.5,16.30903167,87.74,4.5,7.76,"1.548027764",0.304028094,0.015705217,19.35841447,5.55,4.38,20.34,1.3,0.1,0.7,0.005,0.3,0.005,"LS",25
69,"Lower_slope",NA,497263,6404153,116.9709,-32.49989,"B1","B","40-60",40,60,50,18.72301725,57.24,4.49,38.27,"1.50942949",0.110658079,0.018125519,6.105098476,5.86,5.18,44.2,5.5,0.1,1.8,0.005,2.3,0.2,"LS",50
69,"Lower_slope",NA,497263,6404153,116.9709,-32.49989,"B2","B2","60-85",60,85,72.5,5.955470958,41.53,3.5,54.96,"1.623192822",0.101861298,0.015688583,6.492702141,5.38,4.48,38.8,8.4,0.3,1.6,0.005,4.6,0.3,"LS",70
70,"Lower_slope",NA,499413,6404060,116.9938,-32.50073,"A","A","0-10",0,10,5,0,93.2,4,2.8,"1.28",2.17,0.21,10.4,6.5,5.3,275,6.87,0.07,5.65,0.75,1.09,0.16,"LS",5
70,"Lower_slope",NA,499413,6404060,116.9938,-32.50073,"B","B","Oct-25",10,25,17.5,0.1,95.6,1.5,3,"1.36",0.27,0.02,13.3,4.9,4,27.9,1.36,0.06,0.41,0.12,0.12,0.03,"LS",15
70,"Lower_slope",NA,499413,6404060,116.9938,-32.50073,"C","C","25-38",25,38,31.5,0.1,94.3,1.5,4.2,"1.54",0.16,0.02,10.3,5,3.8,19.8,0.93,0.08,0.35,0.12,0.13,0.02,"LS",35
70,"Lower_slope",NA,499413,6404060,116.9938,-32.50073,"R",NA,"38-48",38,48,43,0.1,92.7,3.9,3.4,NA,0.12,0.01,9.1,4.9,3.8,19.2,0.77,0.1,0.36,0.14,0.15,0.02,"LS",50
71,"Lower_slope",NA,499377,6404113,116.9934,-32.50025,"A","A","0-15",0,15,7.5,0.1,76.9,14.1,9,"1.35",2.6,0.21,12.2,5.3,4.6,44.3,8.62,0.05,6.93,0.1,1.18,0.25,"LS",5
71,"Lower_slope",NA,499377,6404113,116.9934,-32.50025,"B1","B","15-30",15,30,22.5,0.2,80.9,10.6,8.5,"1.58",1.17,0.08,14.2,5.1,4.8,192.7,6.76,0.04,5.38,0.07,0.84,0.13,"LS",25
71,"Lower_slope",NA,499377,6404113,116.9934,-32.50025,"B2","B2","30-50",30,50,40,0.4,82.3,8.2,9.5,"1.66",0.26,0.02,11.6,6,5,22.5,4.73,0.005,3.17,0.04,0.71,0.06,"LS",50
71,"Lower_slope",NA,499377,6404113,116.9934,-32.50025,"B2","B2","50-70",50,70,60,0.4,80.6,8.9,10.5,"1.71",0.18,0.02,10.6,5.9,5.1,24.9,4.6,0.005,2.82,0.04,1.15,0.08,"LS",70
72,"Lower_slope",NA,499214,6403703,116.9916,-32.50395,"A","A","0-13",0,13,6.5,0.1,99.7,0.1,0.2,"1.49",2.2,0.21,10.6,5.3,4.8,319,6.38,0.55,6.25,0.37,1.25,0.6,"LS",5
72,"Lower_slope",NA,499214,6403703,116.9916,-32.50395,"E","A2","13-24",13,24,18.5,0.2,89.4,7.3,3.3,"1.56",0.29,0.02,11.8,7.6,4.7,16.6,0.4,1.66,0.39,0.13,0.14,0.04,"LS",15
72,"Lower_slope",NA,499214,6403703,116.9916,-32.50395,"B1","B","24-36",24,36,30,0.1,90,6.9,3.1,"1.59",0.18,0.02,8.9,5.6,4.6,82.5,1.17,0.98,0.28,0.09,0.1,0.05,"LS",35
72,"Lower_slope",NA,499214,6403703,116.9916,-32.50395,"B2","B2","36-85",36,85,60.5,0.3,72.2,12.9,14.9,"1.72",0.1,0.02,4.9,5.2,4.1,77.6,1.07,2.01,0.44,0.14,0.18,0.06,"LS",70
73,"Lower_slope",NA,498861,6403134,116.9879,-32.50908,"A","A","0-14",0,14,7,0.1,76.2,9.8,14,"1.26",2.78,0.27,10.1,5.4,4.8,298,8.47,0.02,6.17,0.88,2.09,0.6,"LS",5
73,"Lower_slope",NA,498861,6403134,116.9879,-32.50908,"E","A2","14-23",14,23,18.5,0,39.1,4,56.9,"1.49",0.49,0.07,7.5,6.1,4.6,130,6.56,0.05,2.55,0.25,2.36,0.47,"LS",15
73,"Lower_slope",NA,498861,6403134,116.9879,-32.50908,"B1","B","23-43",23,43,33,0,32.2,10.3,57.6,"1.29",0.4,0.06,6.8,5.9,5.1,170,7.24,0.25,2.87,0.22,3.08,0.59,"LS",35
73,"Lower_slope",NA,498861,6403134,116.9879,-32.50908,"B2","B2","43-80",43,80,61.5,0.1,50.8,13.5,36.4,"1.49",0.5,0.07,7.3,6.5,5.8,154,7.25,0.05,1.78,0.1,3.94,0.72,"LS",70
74,"Valley_floor","Lower_slope",498125,6403455,116.98,-32.50619,"A","A","0-17",0,17,8.5,10.9,85,4.6,10.4,"1.52",0.7,0.07,10.5,6.1,5.7,4620,4.76,0.005,0.78,0.09,5.52,10.97,"VF",5
74,"Valley_floor","Lower_slope",498125,6403455,116.98,-32.50619,"E","A2","17-27",17,27,22,23.7,79.4,4.3,16.3,"1.6",0.26,0.09,2.9,6.4,5.6,966,3.57,0.01,0.33,0.04,2.08,3.49,"VF",25
74,"Valley_floor","Lower_slope",498125,6403455,116.98,-32.50619,"B1","B","27-60",27,60,43.5,11.6,50.9,3.1,46,"1.7",0.24,0.04,6.8,5.6,5.3,1558,7.11,0.05,0.56,0.1,4.35,6.15,"VF",50
74,"Valley_floor","Lower_slope",498125,6403455,116.98,-32.50619,"B2","B2","60-79",60,79,69.5,2.8,45.8,8.7,45.7,"1.75",0.14,0.02,9.1,6.2,5.4,751,14.57,0.03,1.28,0.07,8.66,6.96,"VF",70
75,"Lower_slope",NA,498350,6403540,116.9824,-32.50542,"A1","A","0-10",0,10,5,29.8,82,6.4,11.6,"1.26",2.58,0.21,12.3,5.6,4.7,87.9,5.93,0.12,4.47,0.48,0.79,0.11,"LS",5
75,"Lower_slope",NA,498350,6403540,116.9824,-32.50542,"A2","A2","Oct-15",10,15,12.5,53.8,83.2,9.7,7.1,"1.47",0.82,0.07,12,6.1,5.1,21.7,4.14,0.04,3.11,0.21,0.65,0.05,"LS",15
75,"Lower_slope",NA,498350,6403540,116.9824,-32.50542,"B1","B","15-35",15,35,25,29.5,83.5,6.4,10.2,"1.45",0.28,0.03,11.4,6.5,5.3,15.9,2.99,0.06,2,0.14,0.57,0.04,"LS",25
75,"Lower_slope",NA,498350,6403540,116.9824,-32.50542,"B2","B2","35-80",35,80,57.5,18.6,68.7,8.6,22.7,"1.77",0.2,0.03,6.9,6.4,5.5,21.3,3.92,0.08,1.9,0.14,1.3,0.09,"LS",50
76,"Lower_slope",NA,498036,6403443,116.9791,-32.50629,"A","A","0-13",0,13,6.5,6.5,75.6,9.9,14.5,"1.43",2.55,0.2,13.1,5.3,4.7,333,6.34,0.07,4.17,0.37,1.34,0.67,"LS",5
76,"Lower_slope",NA,498036,6403443,116.9791,-32.50629,"A2","A2","13-23",13,23,18,11.3,62.2,7.8,30,"1.45",0.61,0.05,11.3,6.3,4.6,53.6,5.17,0.08,2.54,0.02,1.6,0.35,"LS",15
76,"Lower_slope",NA,498036,6403443,116.9791,-32.50629,"B","B","23-68",23,68,45.5,16.5,41.6,4.6,53.8,"1.42",0.35,0.06,6.2,5.8,5,120.2,6.9,0.1,2.4,0.01,3.09,0.48,"LS",50
76,"Lower_slope",NA,498036,6403443,116.9791,-32.50629,"B","B","68-82",68,82,75,7.6,34.2,7.7,58.1,"1.36",0.4,0.05,7.5,5.8,4.9,98,6.92,0.08,2.43,0.005,3.2,0.49,"LS",70
77,"Valley_floor",NA,497749,6403736,116.976,-32.50365,"A","A","0-10",0,10,5,93.5,91.4,5.1,3.7,"1.59",0.88,0.06,14.4,5.3,4.6,87.4,1.52,0.005,1.54,0.02,0.18,0.05,"VF",5
77,"Valley_floor",NA,497749,6403736,116.976,-32.50365,"E","A2","Oct-22",10,22,16,58.1,93.3,2.8,3.8,"1.42",0.39,0.03,14.2,5.1,4.3,38.5,1.14,0.05,0.9,0.03,0.14,0.03,"VF",15
77,"Valley_floor",NA,497749,6403736,116.976,-32.50365,"B1","B","22-38",22,38,30,53,88.4,3.5,7.9,"1.66",0.43,0.03,14.9,5.8,4.8,27.2,0.98,0.05,0.76,0.01,0.17,0.04,"VF",35
77,"Valley_floor",NA,497749,6403736,116.976,-32.50365,"B2","B2","38-65",38,65,51.5,64.3,56.4,4.7,38.7,"1.47",0.23,0.03,8.1,5.7,4.6,36.5,3.42,0.16,1.32,0.01,1.04,0.12,"VF",50
78,"Lower_slope",NA,495287,6404011,116.9498,-32.50116,"A1","A","0-14",0,14,7,9.3,97,2,1,"1.4",1.17,0.09,12.8,4.2,3.7,99,2.5,0.2,1.1,0.2,0.2,0.1,"LS",5
78,"Lower_slope",NA,495287,6404011,116.9498,-32.50116,"A2","A2","14-37",14,37,25.5,11.2,91.5,2,6.5,"1.4",0.23,0.02,10,3.6,3.4,24.6,2.2,0.4,0.3,0.005,0.1,0.005,"LS",25
78,"Lower_slope",NA,495287,6404011,116.9498,-32.50116,"B1","B","37-58",37,58,47.5,18.9,88.2,8.8,3,"1.6",0.08,0.02,4.5,4.1,3.7,12.2,1.2,0.2,0.3,0.005,0.2,0.005,"LS",50
78,"Lower_slope",NA,495287,6404011,116.9498,-32.50116,"B2","B2","58-90",58,90,74,12,59.4,5.6,35,"1.8",0.19,0.04,4.7,4.5,3.9,40,8,0.4,1.1,0.005,4.9,0.3,"LS",70
79,"Mid-slope",NA,495601,6403548,116.9532,-32.50534,"A1","A","0-15",0,15,7.5,6.9,90.5,6.7,2.7,"1.5",1.69,0.11,14.9,5.08,4,49.5,2.1,0.4,0.8,0.005,0.2,0.2,"MS",5
79,"Mid-slope",NA,495601,6403548,116.9532,-32.50534,"A2","A2","15-30",15,30,22.5,7.2,93.6,3,3.5,"1.6",0.28,0.02,13.9,4.96,4.03,23.1,0.9,0.3,0.3,0.005,0.1,0.1,"MS",25
79,"Mid-slope",NA,495601,6403548,116.9532,-32.50534,"B1","B","30-40",30,40,35,7.7,92.3,4.5,3.2,"1.7",0.07,0.01,11.2,5.25,3.95,19.5,0.7,0.2,0.1,0.005,0.1,0.1,"MS",35
79,"Mid-slope",NA,495601,6403548,116.9532,-32.50534,"B2","B2","40-100",40,100,70,9.2,71.3,9.3,19.4,"1.9",0.12,0.01,12.7,5.5,4.06,45.8,3.6,0.3,0.4,0.1,1,0.3,"MS",70
80,"Valley_floor",NA,496179,6403888,116.9593,-32.50227,"A1","A","0-12",0,12,6,18.2,84.9,7.6,7.6,"1.5",1.99,0.15,13.1,7.1,4.22,20.88,5.2,0.2,2.3,0.2,0.4,0.2,"VF",5
80,"Valley_floor",NA,496179,6403888,116.9593,-32.50227,"A2","A2","Dec-23",12,23,17.5,12,77.1,7.5,15.3,"1.6",1.23,0.09,14.2,7,5.06,8.55,7.5,0.1,3.4,0.005,1,0.1,"VF",15
80,"Valley_floor",NA,496179,6403888,116.9593,-32.50227,"B2.1",NA,"23-42",23,42,32.5,13.2,79.2,4.5,16.3,"1.6",0.86,0.07,12.8,7.19,5.24,12.45,7.8,0.1,3.6,0.1,1.3,0.2,"VF",35
80,"Valley_floor",NA,496179,6403888,116.9593,-32.50227,"B2.2",NA,"42-49",42,49,45.5,14.3,78.6,4.6,16.8,"1.7",0.4,0.05,8.3,6.51,5.34,11.6,5.9,0.005,2.1,0.005,1.4,0.2,"VF",50
80,"Valley_floor",NA,496179,6403888,116.9593,-32.50227,"B2.3",NA,"49-70",49,70,59.5,15.7,79.4,5.5,15.1,"1.7",0.25,0.03,8.1,6.97,5.38,9.86,5,0.005,1.6,0.005,1.2,0.1,"VF",50
80,"Valley_floor",NA,496179,6403888,116.9593,-32.50227,"B2.4",NA,"70-100",70,100,85,43.1,82.5,4.8,12.7,"1.8",0.12,0.02,7.1,6.71,5.8,13.97,4.6,0.1,1.1,0.1,1.1,0.2,"VF",90
81,"Sub_valley_floor",NA,495842,6404279,116.9557,-32.49875,"A1","A","0-13",0,13,6.5,12,91.2,8.8,0.05,"0.9",8.81,0.64,13.8,6.3,5.8,191.1,30,0.005,16.6,0.1,11.5,1.3,"VF",5
81,"Sub_valley_floor",NA,495842,6404279,116.9557,-32.49875,"A2","A2","13-38",13,38,25.5,17,92,2.5,5.5,"1.7",0.23,0.03,7.9,6.6,5.69,97.1,2,0.1,0.7,0.1,1,0.4,"VF",25
81,"Sub_valley_floor",NA,495842,6404279,116.9557,-32.49875,"E","A2","38-64",38,64,51,32,84.6,6.6,8.8,"1.7",0.17,0.03,5.3,6.2,5.91,92.7,1.7,0.005,0.5,0.1,1.1,0.4,"VF",50
81,"Sub_valley_floor",NA,495842,6404279,116.9557,-32.49875,"B","B","64-100",64,100,82,60,97.2,2.8,0.05,"1.7",0.21,0.03,7.4,6.8,6.01,253,1.6,0.005,0.4,0.1,1,0.5,"VF",90
82,"Mid-slope",NA,499186,6404600,116.9913,-32.49586,"A","A","0-14",0,14,7,8,88.8,4.9,6.4,"1.3",0.13,1.91,14.3,5.65,5.57,56.3,5.1,0.005,4.4,0.1,0.6,0.1,"MS",5
82,"Mid-slope",NA,499186,6404600,116.9913,-32.49586,"B1","B","14-32",14,32,23,30,88.1,5.6,6.3,"1.6",0.05,0.69,14.8,4.62,4.41,22.35,1.9,0.1,1.2,0.005,0.2,0.1,"MS",25
82,"Mid-slope",NA,499186,6404600,116.9913,-32.49586,"B2.1",NA,"32-57",32,57,44.5,11,74.9,4.4,20.8,"1.6",0.02,0.22,9.7,5.54,3.82,13.26,2.3,0.3,0.7,0.005,0.6,0.1,"MS",50
82,"Mid-slope",NA,499186,6404600,116.9913,-32.49586,"B2.2",NA,"57-64",57,64,60.5,19,24.9,7.6,67.5,NA,0.03,0.26,8.3,6.33,3.95,37.6,8.1,0.8,1,0.1,3.7,1,"MS",70
83,"Mid-slope",NA,499543,6404302,116.9951,-32.49855,"A1","A","0-11",0,11,5.5,0,92.5,4.8,2.8,"1.3",2.46,0.15,16.5,6,4.36,100.3,2.9,0.3,2.4,0.1,0.3,0.1,"MS",5
83,"Mid-slope",NA,499543,6404302,116.9951,-32.49855,"A2","A2","Nov-27",11,27,19,0,90,3.3,6.8,"1.6",0.38,0.03,13.9,5.15,5.16,16.3,0.6,1.3,0.3,0.1,0.1,0.005,"MS",15
83,"Mid-slope",NA,499543,6404302,116.9951,-32.49855,"B1","B","27-47",27,47,37,0,93.3,3.5,3.2,"1.5",0.15,0.02,6.3,5.19,4.12,18.1,0.4,0.2,0.2,0.005,0.005,0.005,"MS",35
83,"Mid-slope",NA,499543,6404302,116.9951,-32.49855,"B2","B2","47-70",47,70,58.5,0,78.2,16.3,5.5,"1.8",0.09,0.02,4.2,6.08,5.45,25.7,2.1,0.6,0.7,0.1,0.7,0.2,"MS",50
84,"Valley_floor",NA,499525,6403063,116.9949,-32.50972,"A1","A","0-10",0,10,5,5.4,89.9,5.2,4.9,"1.7",0.97,0.08,11.7,7.6,6.6,836,5.7,0.1,2.3,0.1,2.9,4.1,"VF",5
84,"Valley_floor",NA,499525,6403063,116.9949,-32.50972,"A2","A2","Oct-23",10,23,16.5,6.9,93.5,4,2.5,"1.7",0.23,0.02,14.4,7.73,6.64,404,2.2,0.005,0.9,0.1,1.3,1.6,"VF",15
84,"Valley_floor",NA,499525,6403063,116.9949,-32.50972,"B1","B","23-34.5",23,34.5,28.75,2.1,92.5,3.7,3.7,"1.8",0.11,0.02,6.6,8.07,6.57,287,2,0.005,0.7,0.1,1.3,1.3,"VF",25
84,"Valley_floor",NA,499525,6403063,116.9949,-32.50972,"B2","B2","34.5-40",34.5,40,37.25,11.3,68.7,5.1,26.2,NA,0.21,0.03,6.2,8.28,6.59,332,10.9,0.005,2.7,0.1,6,3.2,"VF",35
84,"Valley_floor",NA,499525,6403063,116.9949,-32.50972,"C","C","40-100",40,100,70,77.4,82.8,13.2,4,NA,NA,NA,NA,8.14,6.65,631,3.3,0.1,1,0.1,2.2,1.7,"VF",70
85,"Lower_slope","Sub_valley_floor",499038,6403680,116.9898,-32.50416,"A","A","0-16",0,16,8,3.7,72.7,11,16.3,"1.2",0.25,2.59,10.4,4.9,5.2,38.8,30.5,0.005,16.1,2.8,9.5,0.5,"LS",5
85,"Lower_slope","Sub_valley_floor",499038,6403680,116.9898,-32.50416,"B1","B","16-30",16,30,23,11.8,67,7.7,25.3,"1.2",0.15,1.62,11,5.25,5.3,29.5,43.2,0.005,19.3,3.5,18.8,1.6,"LS",25
85,"Lower_slope","Sub_valley_floor",499038,6403680,116.9898,-32.50416,"B2","B2","30-60",30,60,45,79,69.8,8.1,22.1,"1.4",0.23,2.34,10.2,6.4,5.5,38.2,33.2,0.005,18.7,2.3,10.8,0.5,"LS",50
85,"Lower_slope","Sub_valley_floor",499038,6403680,116.9898,-32.50416,"C","C","60-100",60,100,80,19.4,70,6.5,23.5,NA,0.09,0.9,9.5,6.8,5.6,30.4,24.5,0.005,14.5,2.8,5.7,0.3,"LS",90
86,"Lower_slope","Mid-slope",500472,6406189,117.005,-32.48152,"A","A","0-10",0,10,5,37,89.1,4.8,6.1,"1.26",2.8,0.18,15,6.86,5.55,85.1,6.7,0.1,5.7,0.2,0.8,0.1,"LS",5
86,"Lower_slope","Mid-slope",500472,6406189,117.005,-32.48152,"B1","B","Oct-35",10,35,22.5,64,89.9,0.8,9.3,"1.57",0.8,0.04,19.1,6.36,4.78,22.11,2.9,0.1,2.1,0.1,0.5,0.1,"LS",25
86,"Lower_slope","Mid-slope",500472,6406189,117.005,-32.48152,"B2","B2","35-72",35,72,53.5,21,58.6,2.8,38.5,"1.63",0.2,0.01,16.1,6.41,5.46,33.5,3.6,0.3,0.5,0.1,2.2,0.1,"LS",50
87,"Valley_floor","Lower_slope",500369,6406448,117.0039,-32.47919,"A1","A","0-15",0,15,7.5,10,65.8,30.2,4.1,"1.61",1.7,0.13,13.2,6.45,5.41,98.7,4.3,0.005,3.2,0.1,0.5,0.4,"VF",5
87,"Valley_floor","Lower_slope",500369,6406448,117.0039,-32.47919,"B1","B","15-42",15,42,28.5,10,70.8,25.6,3.6,"1.83",0.2,0.03,7.2,6.09,4.74,44,1.5,1.1,0.6,0.1,0.4,0.2,"VF",25
87,"Valley_floor","Lower_slope",500369,6406448,117.0039,-32.47919,"B2-1","B2","42-72",42,72,57,10,80.9,6.2,12.9,"2.05",0.2,0.02,7.2,6.32,5.3,41,3.4,1,0.3,0.1,1.6,0.5,"VF",50
87,"Valley_floor","Lower_slope",500369,6406448,117.0039,-32.47919,"B2-2",NA,"72-100",72,100,86,15,76,14.3,9.7,"1.96",0.1,0.02,6.3,6.14,5.28,111.4,4.6,0.2,0.4,0.005,2.5,1,"VF",90
88,"Valley_floor",NA,500517,6406387,117.0055,-32.47974,"Ap","A","0-2",0,2,1,7.3,87.7,5.5,6.8,NA,2.5,0.11,22.3,5.73,3.67,5500,3.6,0.7,0.3,0.2,8.3,35.9,"VF",5
88,"Valley_floor",NA,500517,6406387,117.0055,-32.47974,"B1","B","Feb-42",2,42,22,14.6,46.5,9.8,43.7,NA,0.5,0.04,10.6,5.45,3.77,1255,19.8,0.4,0.4,0.1,13.5,10.5,"VF",25
88,"Valley_floor",NA,500517,6406387,117.0055,-32.47974,"B2e",NA,"42-73",42,73,57.5,58.2,23,12.9,64.2,NA,0.2,0.01,11.8,5.5,4.13,1133,26.7,0.1,0.6,0.1,18.4,12.5,"VF",50
89,"Mid-slope",NA,499731,6407110,116.9971,-32.47322,"A1","A","0-14",0,14,7,12.8,87.3,8.4,4.3,"1.274",2.8,0.26,10.8,5.15,5.85,610,8.3,0.005,6.4,0.9,1.3,1.2,"MS",5
89,"Mid-slope",NA,499731,6407110,116.9971,-32.47322,"B1","B","14-22",14,22,18,16.5,80.2,11.9,7.9,"1.415",0.9,0.07,13.2,5.85,4.72,55.3,5.8,0.1,2,0.3,0.5,0.2,"MS",15
89,"Mid-slope",NA,499731,6407110,116.9971,-32.47322,"B2","B2","22-90",22,90,56,27.3,82.4,7.4,10.2,"1.607",0.2,0.04,5.5,6.14,5.6,45.5,4.8,0.005,2.3,0.5,1.5,0.3,"MS",50
90,"Upper_slope","Mid-slope",499965,6407206,116.9996,-32.47235,"A1","A","0-10",0,10,5,27.7,88.5,8.3,3.3,"1.34",2,0.15,13.2,5.49,4.56,154,4.8,0.2,3.4,0.4,0.4,0.3,"US",5
90,"Upper_slope","Mid-slope",499965,6407206,116.9996,-32.47235,"B1","B","15-25",15,25,20,33.1,81.8,13.5,4.8,"1.36",1.3,0.04,36.6,5.9,4.82,116.2,4.4,0.2,3.2,0.3,0.5,0.1,"US",25
90,"Upper_slope","Mid-slope",499965,6407206,116.9996,-32.47235,"B2-1","B2","29-39",29,39,34,17.7,76.5,11.5,12,"1.52",0.4,0.02,16.2,7.01,5.88,118,6.9,0.2,5,0.1,1.3,0.2,"US",35
90,"Upper_slope","Mid-slope",499965,6407206,116.9996,-32.47235,"B2-2",NA,"39-77",39,77,58,10,78,11,11,"1.46",0.2,0.02,11,7.05,6.18,100.1,3.9,0.1,2.9,0.1,0.6,0.1,"US",50
90,"Upper_slope","Mid-slope",499965,6407206,116.9996,-32.47235,"C","C","77-87",77,87,82,26.6,79,7,14,"1.46",0.1,0.02,6.9,6.85,6.23,170.5,4.7,0.1,2.3,0.1,1.8,0.3,"US",90
91,"Residual",NA,499990,6407578,116.9999,-32.46899,"A1","A","0-10",0,10,5,NA,64.8,8.5,26.7,"1.44",0.1,3.2,35.9,5.48,5.05,2970,8.3,0.1,1.2,0.4,4.6,15.8,"RE",5
91,"Residual",NA,499990,6407578,116.9999,-32.46899,"B1","B","Oct-50",10,50,30,NA,46,11.2,42.7,NA,0.005,0.45,18.8,6.59,5.45,769,4.8,0.1,0.1,0.3,1.6,6.3,"RE",35
91,"Residual",NA,499990,6407578,116.9999,-32.46899,"B2","B2","50-85",50,85,67.5,NA,40.3,21,38.7,NA,0.005,0.26,19.5,7.76,6.37,1323,4.5,0.1,0.005,0.3,1.1,9,"RE",70
92,"Residual",NA,499992,6407442,116.9999,-32.47022,"A1","A","0-8",0,8,4,31.3,84.8,6.3,8.9,NA,0.2,5.25,25.9,6.1,4.67,16.92,2,0.1,0.7,0.2,0.3,0.2,"RE",5
92,"Residual",NA,499992,6407442,116.9999,-32.47022,"A2","A2","Aug-21",8,21,14.5,37.2,84.6,9.2,6.2,NA,0.1,4.16,31.4,5.6,4.19,11.89,2,0.5,0.6,0.1,0.6,0.2,"RE",15
92,"Residual",NA,499992,6407442,116.9999,-32.47022,"B2.1",NA,"21-89",21,89,55,53.2,79.2,10.8,10,NA,0.005,0.98,25.3,5.85,5.09,19.06,4.4,0.1,0.1,0.005,3.5,0.3,"RE",50
92,"Residual",NA,499992,6407442,116.9999,-32.47022,"B2.2",NA,"89-100",89,100,94.5,41.5,78.1,9.7,12.3,NA,0.005,0.97,28.1,5.75,5.01,39.5,3.9,0.5,0.1,0.005,3.2,0.6,"RE",90
93,"Nonresid_upland",NA,496966,6406015,116.9677,-32.48309,"A1","A","0-16",0,16,8,2.87,88.2,5.3,6.5,"1.2",5.09,0.25,5.3,6.3,5.5,87.7,10.1,0,7,0.1,2.7,0.6,"US",5
93,"Nonresid_upland",NA,496966,6406015,116.9677,-32.48309,"A2","A2","16-29",16,29,22.5,4.74,89.5,4.3,6.3,"1.6",0.66,0.04,0.7,7,5.5,23.9,2.3,0.1,1.2,0.1,0.8,0.2,"US",25
93,"Nonresid_upland",NA,496966,6406015,116.9677,-32.48309,"B1","B","29-54",29,54,41.5,3.89,91.8,4.5,3.7,"1.5",3.19,0.18,3.4,6.5,4.9,23.8,1.4,0,0.5,0,0.4,0.2,"US",50
93,"Nonresid_upland",NA,496966,6406015,116.9677,-32.48309,"B2","B2","54-86",54,86,70,5.58,69.5,2.5,28,NA,1.57,0.06,1.6,4.4,3.7,106.5,4.4,0.6,0.7,0.1,2,0.6,"US",70
94,"Upper_slope",NA,497408,6405271,116.9724,-32.4898,"A","A","0-10",0,10,5,8.52,94.5,0.2,5.3,"1.3",2.49,0.2,12.6,5.7,4.9,258,13.2,0,7.3,0.2,2.5,0.6,"US",5
94,"Upper_slope",NA,497408,6405271,116.9724,-32.4898,"B1","B","Oct-20",10,20,15,16.43,94.7,0.1,5.2,"1.6",1.1,0.08,14.5,6.2,4.9,27.2,5.4,0.1,3.7,0.2,1.3,0.2,"US",15
94,"Upper_slope",NA,497408,6405271,116.9724,-32.4898,"B2","B2","20-33",20,33,26.5,16.06,94.7,0.1,5.2,"1.6",0.7,0.05,13.7,6.2,5.2,32.9,6.3,0.1,4.3,0.1,1.7,0.2,"US",25
94,"Upper_slope",NA,497408,6405271,116.9724,-32.4898,"B2.2",NA,"33-55",33,55,44,26.17,94.7,0,5.3,"1.2",0.65,0.04,15.1,6.3,5.3,25.9,6.5,0,4.2,0.1,2.1,0.2,"US",50
94,"Upper_slope",NA,497408,6405271,116.9724,-32.4898,"B2.3",NA,"55-65",55,65,60,46.12,94.6,0.2,5.2,"0.9",0.22,0.02,10,6.9,5.6,13.7,5.1,0,2.4,0.1,2.9,0.3,"US",70
95,"Residual",NA,498190,6405398,116.9807,-32.48866,"A1.1",NA,"0-14",0,14,7,24.43,69.4,24.4,6.2,"1",6.92,0.25,27.7,5.4,4.3,153.8,2.3,0.8,0.5,0.1,0.6,0.2,"RE",5
95,"Residual",NA,498190,6405398,116.9807,-32.48866,"A1.2",NA,"14-37",14,37,25.5,46.75,76.2,6.5,17.3,"1.1",3.3,0.14,23.7,4.8,4.3,760,3,0.7,0.1,0.1,2.8,1.6,"RE",25
95,"Residual",NA,498190,6405398,116.9807,-32.48866,"B2.1",NA,"37-47",37,47,42,7.36,67.2,16.8,16,"1.3",1.42,0.08,18,4.5,4.3,810,3,0.7,0,0,3.2,2.2,"RE",50
95,"Residual",NA,498190,6405398,116.9807,-32.48866,"B2.2",NA,"47-80",47,80,63.5,8.15,57.6,19.3,23.1,"1.2",1.1,0.05,21.2,4.6,4.3,807,2.6,0.5,0,0,3,2,"RE",70
96,"Mid-slope",NA,498021,6406009,116.9789,-32.48315,"Ap","A","0-16",0,16,8,5.85,84,10.8,5.3,"1.3",3.19,0.18,17.4,5.3,4.7,71.8,4.8,0.1,2.8,0.1,1.7,0.5,"MS",5
96,"Mid-slope",NA,498021,6406009,116.9789,-32.48315,"A1","A","16-26",16,26,21,7.86,91.6,2.3,6.1,"1.5",1.57,0.06,27.1,6.4,4.9,23.9,4,0.1,1.5,0,2.3,0.5,"MS",25
96,"Mid-slope",NA,498021,6406009,116.9789,-32.48315,"A2e",NA,"26-45",26,45,35.5,7.53,93,4.2,2.8,"1.5",0.09,0.01,6.9,6.1,5.1,34.4,0.8,0,0.3,0,0.7,0.2,"MS",35
96,"Mid-slope",NA,498021,6406009,116.9789,-32.48315,"B1","B","45-63",45,63,54,9.52,90.6,3.3,6.1,"1.8",0.07,0.02,3.9,6.9,5.5,41.6,1.1,0,0.2,0,1,0.2,"MS",50
96,"Mid-slope",NA,498021,6406009,116.9789,-32.48315,"B2","B2","63-100",63,100,81.5,10.85,88,4.5,7.5,"1.6",0.09,0.02,4.7,6.8,5.5,29.9,1.7,0.1,0.2,0,1.1,0.3,"MS",90
97,"Lower_slope",NA,498570,6405704,116.9848,-32.4859,"Ap","A","0-11",0,11,5.5,6.198,89.4,5.4,5.2,"1.4",3,0.16,19,5.1,4.4,94.7,2.5,0.8,1.9,0.1,0.4,0.2,"LS",5
97,"Lower_slope",NA,498570,6405704,116.9848,-32.4859,"A2e",NA,"Nov-35",11,35,23,6.758,85.7,7,7.3,"1.6",0.38,0.03,12,5.4,4.4,38.1,0.7,0.2,0.6,0,0.2,0,"LS",25
97,"Lower_slope",NA,498570,6405704,116.9848,-32.4859,"B1","B","35-50",35,50,42.5,3.069,59.1,8.3,32.6,"1.3",1.05,0.05,20,4.7,4,44.1,2.1,0.6,0.8,0,0.6,0.1,"LS",50
97,"Lower_slope",NA,498570,6405704,116.9848,-32.4859,"B2","B2","50-80",50,80,65,8.465,44.3,8.6,47,"1.2",0.31,0.04,8,4.9,4.3,43.2,3.1,0.9,0.4,0.1,1.9,0.1,"LS",70
98,"Nonresid_upland",NA,497297,6405615,116.9712,-32.4867,"Ap","A","0-13",0,13,6.5,10.99,92,4.3,3.8,"1.5",1.4,0.111,12.6,5.6,5,255.5,3.9,0,3,0.7,0.8,0.2,"US",5
98,"Nonresid_upland",NA,497297,6405615,116.9712,-32.4867,"B1","B","13-28",13,28,20.5,21.468,90.2,8,1.8,"1.7",0.32,0.026,12.3,6.6,5.3,24.1,2.2,0,1.1,0.3,0.2,0,"US",25
98,"Nonresid_upland",NA,497297,6405615,116.9712,-32.4867,"B2","B2","28-62",28,62,45,37.727,91.2,5.8,3,"1.6",0.15,0.015,10,6.8,5.6,18,1.6,0,1,0.2,0.2,0,"US",50
98,"Nonresid_upland",NA,497297,6405615,116.9712,-32.4867,"B3","B3","62-80",62,80,71,16.606,67.4,13.2,19.5,NA,0.18,0.016,11.3,6.8,5.6,36.8,4.6,0.2,2.5,0.3,1.1,0.2,"US",70
99,"Residual",NA,498621,6406819,116.9853,-32.47584,"A","A","0-7",0,7,3.5,19.1,72.7,10.8,16.5,"1.01",9.92,0.3,33.5,4.7,4.57,1888,10,0.1,1.4,0.3,7.6,15.9,"RE",5
99,"Residual",NA,498621,6406819,116.9853,-32.47584,"B2.1",NA,"Jul-30",7,30,18.5,22.5,24.8,29.3,45.9,"1.43",0.87,0.04,23.5,4.05,3.77,1916,5.1,0.5,0.1,0.2,2.7,11.4,"RE",15
99,"Residual",NA,498621,6406819,116.9853,-32.47584,"B2.2",NA,"30-60",30,60,45,42.4,25.7,23.8,50.5,"1.43",0.66,0.04,17.8,3.95,3.67,1515,5.1,0.6,0,0.2,2.8,10.1,"RE",50
99,"Residual",NA,498621,6406819,116.9853,-32.47584,"B2.3",NA,"60-93",60,93,76.5,35.3,22.7,63.5,13.8,"1.43",0.32,0.02,14.5,4.1,3.73,2473,4.8,0.3,0,0.2,2.7,12,"RE",70
100,"Upper_slope",NA,498605,6406597,116.9852,-32.47784,"A1","A","0-10",0,10,5,11.7,90.7,6,3.3,"1.58",1.71,0.11,15,4.8,4.27,229.5,3.4,0.2,2.6,0.1,0.4,0.4,"US",5
100,"Upper_slope",NA,498605,6406597,116.9852,-32.47784,"A2","A2","Oct-20",10,20,15,15.5,86.7,7.8,5.5,"1.48",0.44,0.04,11.6,5.55,4.26,30.3,2.4,0.1,1.5,0.1,0.4,0.1,"US",15
100,"Upper_slope",NA,498605,6406597,116.9852,-32.47784,"B1.1",NA,"22-35",22,35,28.5,16.2,89.2,5.8,5,"1.45",0.26,0.03,8.1,6.3,4.82,24,2.3,0,1.5,0,0.4,0.1,"US",25
100,"Upper_slope",NA,498605,6406597,116.9852,-32.47784,"B1.2",NA,"35-48",35,48,41.5,14.8,86.7,8.8,4.5,"1.48",0.17,0.02,7.7,6.25,4.96,30.1,2.5,0,1,0,0.6,0.2,"US",50
100,"Upper_slope",NA,498605,6406597,116.9852,-32.47784,"B2","B2","48 +",48,100,74,16.6,35.7,9.3,55,NA,0.25,0.04,6.1,5.86,4.92,98.4,10.5,0.1,1.8,0.1,7.4,1,"US",70
101,"Lower_slope","Sub_valley_floor",497600,6406851,116.9745,-32.47555,"A","A","0-21",0,21,10.5,6.7,84.4,6.3,9.3,"1.36",1.91,0.13,14.6,5.54,4.45,16.3,4,0.1,2.5,0,0.8,0.3,"LS",15
101,"Lower_slope","Sub_valley_floor",497600,6406851,116.9745,-32.47555,"B1","B","21-33",21,33,27,9.1,87,4.5,8.5,"1.6",0.55,0.04,12.5,6,4.52,7.1,2.4,0.1,1.3,0,0.6,0.1,"LS",25
101,"Lower_slope","Sub_valley_floor",497600,6406851,116.9745,-32.47555,"B2.1",NA,"33-46",33,46,39.5,18.8,86,5.8,8.3,"1.66",0.15,0.02,10,6.33,4.82,6,1.3,0,0.6,0,0.5,0.3,"LS",35
101,"Lower_slope","Sub_valley_floor",497600,6406851,116.9745,-32.47555,"B2.2",NA,"46 +",46,100,73,20.6,71.8,8.5,19.7,"1.84",0.11,0.03,4.1,6.58,5.05,18.3,2.7,0,0.4,0,1.2,0.5,"LS",70
102,"Lower_slope",NA,497935,6406296,116.978,-32.48056,"Ap","A","0-7",0,7,3.5,13.6,83.3,7.8,8.8,"1.4",3.44,0.28,12.1,5.48,4.88,192,8.8,0,7,0.4,1.5,0.5,"LS",5
102,"Lower_slope",NA,497935,6406296,116.978,-32.48056,"A2","A2","Jul-30",7,30,18.5,11.9,80.8,9.3,9.8,"1.24",1.04,0.08,13.3,6.13,5.19,25.02,7.4,0,5.5,0.1,1.6,0.1,"LS",15
102,"Lower_slope",NA,497935,6406296,116.978,-32.48056,"B1","B","30-65",30,60,45,23.2,91,7.3,1.8,"1.84",0.12,0.02,7.1,6.43,5.6,13.51,1.5,0,0.9,0,0.5,0.1,"LS",50
102,"Lower_slope",NA,497935,6406296,116.978,-32.48056,"B2","B2","65-95",65,95,80,42,93.2,4.8,2,"1.51",0.11,0.02,6.5,6.6,5.74,12.25,1.4,0,0.9,0,0.6,0.1,"LS",90
